id,bit_byte,bit,name
1,0,1,"Absolute Evasion"
2,0,2,"Absolute Readiness"
3,0,3,"Heal Gain"
4,0,4,"Escape Runner"
5,0,5,"Hunter's Oasis"
6,0,6,"Mass Combiner"
7,0,7,"Frenzy Fever"
8,1,0,"Castle Walls"
9,1,1,"Fortress Walls"
10,1,2,"Arisen Phoenix"
11,1,3,"Ground Slash I"
12,1,4,"Ground Slash II"
13,1,5,"Ground Slash III"
14,1,6,"Lion's Maw I"
15,1,7,"Lion's Maw II"
16,2,0,"Lion's Maw III"
17,2,1,"Brimstone Slash I"
18,2,2,"Brimstone Slash II"
19,2,3,"Brimstone Slash III"
20,2,4,"Moonbreaker I"
21,2,5,"Moonbreaker II"
22,2,6,"Moonbreaker III"
23,2,7,"Sword Dance I"
24,3,0,"Sword Dance II"
25,3,1,"Sword Dance III"
26,3,2,"Round Force I"
27,3,3,"Round Force II"
28,3,4,"Round Force III"
29,3,5,"Shoryugeki I"
30,3,6,"Shoryugeki II"
31,3,7,"Shoryugeki III"
32,4,0,"Chaos Oil I"
33,4,1,"Chaos Oil II"
34,4,2,"Chaos Oil III"
35,4,3,"Spinning Meteor I"
36,4,4,"Spinning Meteor II"
37,4,5,"Spinning Meteor III"
38,4,6,"Provoke I"
39,4,7,"Provoke II"
40,5,0,"Provoke III"
41,5,1,"Typhoon Trigger I"
42,5,2,"Typhoon Trigger II"
43,5,3,"Typhoon Trigger III"
44,5,4,"Impact Press I"
45,5,5,"Impact Press II"
46,5,6,"Impact Press III"
47,5,7,"Shield Assault I"
48,6,0,"Shield Assault II"
49,6,1,"Shield Assault III"
50,6,2,"Corkscrew Jab I"
51,6,3,"Corkscrew Jab II"
52,6,4,"Corkscrew Jab III"
53,6,5,"Enraged Guard I"
54,6,6,"Enraged Guard II"
55,6,7,"Enraged Guard III"
56,7,0,"Healing Shield I"
57,7,1,"Healing Shield II"
58,7,2,"Healing Shield III"
59,7,3,"Super Nova I"
60,7,4,"Super Nova II"
61,7,5,"Super Nova III"
62,7,6,"Guns Blazing I"
63,7,7,"Guns Blazing II"
64,8,0,"Guns Blazing III"
65,8,1,"Gunpowder Infusion I"
66,8,2,"Gunpowder Infusion II"
67,8,3,"Gunpowder Infusion III"
68,8,4,"Void Piercer I"
69,8,5,"Void Piercer II"
70,8,6,"Void Piercer III"
83,10,3,"Bullet Geyser I"
84,10,4,"Bullet Geyser II"
85,10,5,"Bullet Geyser III"
86,10,6,"Full House I"
87,10,7,"Full House II"
88,11,0,"Full House III"
89,11,1,"Rapid Fire Rain I"
90,11,2,"Rapid Fire Rain II"
91,11,3,"Rapid Fire Rain III"
92,11,4,"Charge Shot I"
93,11,5,"Charge Shot II"
94,11,6,"Charge Shot III"
95,11,7,"Sakura Slash I"
96,12,0,"Sakura Slash II"
97,12,1,"Sakura Slash III"
98,12,2,"Unhinged Spirit I"
99,12,3,"Unhinged Spirit II"
100,12,4,"Unhinged Spirit III"
101,12,5,"Critical Juncture I"
102,12,6,"Critical Juncture II"
103,12,7,"Critical Juncture III"
104,13,0,"Devouring Demon I"
105,13,1,"Devouring Demon II"
106,13,2,"Devouring Demon III"
107,13,3,"Trance Slash I"
108,13,4,"Trance Slash II"
109,13,5,"Trance Slash III"
110,13,6,"Demon Riot I"
111,13,7,"Demon Riot II"
112,14,0,"Demon Riot III"
113,14,1,"Energy Charge I"
114,14,2,"Energy Charge II"
115,14,3,"Energy Charge III"
116,14,4,"Tempest Axe I"
117,14,5,"Tempest Axe II"
118,14,6,"Tempest Axe III"
119,14,7,"Dragon Blast I"
120,15,0,"Dragon Blast II"
121,15,1,"Dragon Blast III"
122,15,2,"Blast Dash I"
123,15,3,"Blast Dash II"
124,15,4,"Blast Dash III"
125,15,5,"Dragon Breath I"
126,15,6,"Dragon Breath II"
127,15,7,"Dragon Breath III"
128,16,0,"AA Flare I"
129,16,1,"AA Flare II"
130,16,2,"AA Flare III"
131,16,3,"Triple Volley I"
132,16,4,"Triple Volley II"
133,16,5,"Triple Volley III"
134,16,6,"Haste Rain I"
135,16,7,"Haste Rain II"
136,17,0,"Haste Rain III"
137,17,1,"Blade Wire I"
138,17,2,"Blade Wire II"
139,17,3,"Blade Wire III"
140,17,4,"Tactical Retreat I"
141,17,5,"Tactical Retreat II"
142,17,6,"Tactical Retreat III"
143,17,7,"Blood Wind I"
144,18,0,"Blood Wind II"
145,18,1,"Blood Wind III"
146,18,2,"Aerial Slam I"
147,18,3,"Aerial Slam II"
148,18,4,"Aerial Slam III"
149,18,5,"Wolf's Maw I"
150,18,6,"Wolf's Maw II"
151,18,7,"Wolf's Maw III"
152,19,0,"Spiral Slice I"
153,19,1,"Spiral Slice II"
154,19,2,"Spiral Slice III"
155,19,3,"Euphony I"
156,19,4,"Euphony II"
157,19,5,"Euphony III"
158,19,6,"Sonic Smash I"
159,19,7,"Sonic Smash II"
160,20,0,"Sonic Smash III"
161,20,1,"Harmonize I"
162,20,2,"Harmonize II"
163,20,3,"Harmonize III"
164,20,4,"Invigoration I"
165,20,5,"Invigoration II"
166,20,6,"Invigoration III"
167,20,7,"Extract Hunter I"
168,21,0,"Extract Hunter II"
169,21,1,"Extract Hunter III"
170,21,2,"Swarm I"
171,21,3,"Swarm II"
172,21,4,"Swarm III"
173,21,5,"Bug Blow I"
174,21,6,"Bug Blow II"
175,21,7,"Bug Blow III"
176,22,0,"Bug Majeure I"
177,22,1,"Bug Majeure II"
178,22,2,"Bug Majeure III"
179,22,3,"Energy Blade I"
180,22,4,"Energy Blade II"
181,22,5,"Energy Blade III"
182,22,6,"Limit Breaker I"
183,22,7,"Limit Breaker II"
184,23,0,"Limit Breaker III"
185,23,1,"Healing Phial I"
186,23,2,"Healing Phial II"
187,23,3,"Healing Phial III"
188,23,4,"Ripper Shield I"
189,23,5,"Ripper Shield II"
190,23,6,"Ripper Shield III"
