quest_id,name,rule
101,Find the Ferns,flag:4
102,Due for Dragon Amber,flag:4
103,Medicinal Moths,flag:4
104,Horns o' Plenty,flag:4
105,A Fungal Hunt,cleared:101
106,Wipe Out!,flag:4
107,Another Pack Attack,flag:6
201,Harvest Tour: Jurassic Frontier,flag:12
202,Harvest Tour: Dunes,flag:12
203,Harvest Tour: Verdant Hills,flag:153
204,Harvest Tour: Arctic Ridge,flag:203
205,Harvest Tour: Misty Peaks,flag:253
206,Vaulting Outlaw,flag:9
207,Rambunctious Rhenoplos,flag:12
208,On the Rebound,flag:300
209,A Berry Good Idea,flag:12
210,A Fern is Forever,flag:12
211,Jurassic Frontier Accounting,flag:12
212,Gendrome Roadblock,flag:12
213,The Land Sharq,flag:12
214,Slay the Genprey!,flag:12
215,Hermit Grab,flag:12
216,Birthday Berries,flag:12
217,Liver of Legend!,flag:12
218,Dunes Accounting,flag:12
219,Hunt Down the Velocidrome!,flag:152
220,Slay the Velociprey!,flag:150
221,Bullfango Tango,flag:153
222,Prime Premium Sashimi,flag:153
223,Verdant Hills Accounting,flag:153
224,The Mountain Roughrider,flag:202
225,Slay the Giaprey!,flag:200
226,A Pack of Blangos,flag:203
227,Medicinal Mountain Herbs,flag:203
228,Arctic Ridge Accounting,flag:203
229,Arzuros the Azure Beast,flag:252
230,Bye Bye Jaggia,flag:250
231,Howling Harassment,flag:253
232,Fungal Fad,flag:253
233,Sunsnug Sprout Courier,flag:502
234,Misty Peaks Accounting,flag:253
301,Harvest Tour: Deserted Island,flag:16
302,Harvest Tour: Marshlands,flag:16
303,Tusked Tantrum,flag:16
304,Stomping Grounds,flag:16
305,Chasing Tail,flag:16
306,Jurassic Treasure: The Frog,flag:360
307,Bit by the Fashion Bug,flag:16
308,Tumultuous Sprouts,flag:18
309,Tumultuous Sprouts,flag:18
310,Fishy Favor,flag:312
311,Crustacean Frustration,flag:16
312,The Desert Gourmand,flag:16
313,Konchu Collector,flag:16
314,Cancer of the Dunes,flag:418
315,Deliver the Liver,flag:16
316,Farming Frustrations,flag:16
317,Financial Focus on Fungus,flag:16
318,Local Threat,flag:154
319,Into the Wyvern's Den,flag:156
320,Into the Wyvern's Den,flag:156
321,Snow with Occasional Lagombi,flag:16
322,Anteka Anticipation,flag:16
323,The Shadow in the Mountains,flag:204
324,No Go on the Popo,flag:206
325,No Go on the Popo,flag:206
326,Bully the Bullfango,flag:16
327,For Whom the Egg Yolks,flag:524
328,Royal Spit Take,flag:254
329,A Forest Fracas,flag:256
330,A Forest Fracas,flag:256
331,Royal Honey Hunt,flag:474
332,Current Events,flag:20
333,The Crabbiest Catch,flag:506
334,Pack Woes,flag:16
335,The Fungus Among Us,flag:490
336,Moofah Must-haves,flag:302
337,Deserted Island Accounting,flag:16
338,Sunsnug Isle Rescue!,flag:504
339,Robbed Blind,flag:20
340,Pest Control,flag:16
341,Travelers in Trouble,flag:306
342,Royal Rhinos Gone Wild,flag:16
343,Marshlands Accounting,flag:16
401,Harvest Tour: Volcano,flag:25
402,The Nocturnal Enchanter,flag:22
403,Wyvern of the Wind,cleared:415
404,Jurassic Treasure: The Bug,flag:362
405,Unlock the Secret to...,flag:25
406,A Unique Cuppa,flag:308
407,Hunt-a-thon: Gendrome,flag:316
408,Mining: The Final Frontier,flag:25
409,Wrath of the Rathian,flag:25
410,Noise Violation,cleared:422
411,Hunt-a-thon: Yian Kut-Ku,flag:25
412,Hunt-a-thon: Velocidrome,flag:420
413,The New Tenant,flag:25
414,Lagombi Lair,flag:25
415,Hungry Eyes,flag:25
416,Royal Pains,flag:476
417,Peddling Practice,flag:520
418,Island Menace,flag:482
419,Deviled Legs,flag:25
420,Hunt-a-thon: Daimyo Hermitaur,flag:314
421,Marshlands Mission,cleared:426
422,Serpentine Samba,flag:25
423,Lurkin' in the Murk,flag:25
424,Crustacean Infestation,flag:25
425,Tumbling Troublemaker,flag:25
426,Crustacean Infatuation,flag:25
427,Rocking the Uroktor,flag:25
428,Great Ore Discovery,flag:25
429,Volcano Accounting,flag:25
501,The Dark Age,flag:27
502,Trifecta of Terror,flag:29
503,Garuga of the Hills,flag:29
504,The Thunderclaw Wyvern,flag:158
505,Fungus Fetch,flag:29
506,Two Roars in the Snow,flag:29
507,Hunt-a-thon: Khezu,flag:458
508,The Unwavering Colossus,flag:208
509,Lagiacrus Fuss,flag:478
510,The Entrancing Water Dancer,flag:258
511,The Fisherman's Fiend,flag:29
512,Island Heat,flag:522
513,Double Vision,flag:29
514,Hunt-a-thon: Gypceros,flag:388
515,Behind Closed Ores,flag:29
516,"A King, Robed in Smoke",flag:29
517,Fight or Uragaan!,flag:29
518,Great Knuckleballs o' Fire!,flag:29
519,Hunt-a-thon: Iodrome,flag:29
520,Envoy to Disaster,flag:29
521,A Late Jurassic Excursion,flag:29
522,A Sandy Battle Royale,flag:29
523,Scientific Method,flag:29
601,The Scorching Blade,flag:34
602,"Dark Wings, Dark Work",flag:34
603,Tuff Turf,flag:34
604,From Beyond the Sands,flag:34
605,Tigrex by the Tail,flag:34
606,A Thousand Scales of Dread,flag:34
607,The Perilous Pair,flag:396
608,The Hero's Journey,flag:542
609,The Bellowing Zinogre,flag:500
610,Brachydios Mio!,flag:34
611,Under the Gaze of Heaven,flag:34
612,Break the Brachydios,cleared:610
613,Night Terrors,flag:34
614,Bristly Fanged Beasts,flag:34
615,Drawing the Waterline,flag:422
616,The Cankerous Quagmire,flag:34
617,Volcano Triple Play,flag:34
618,It's Electric,cleared:619
619,The White Brute,flag:34
620,Stop the Wheel,flag:36
621,The Fated Four,flag:38
622,Advanced: Fungus Fetchin',flag:496
623,Advanced: Jurassic Treasure,flag:364
624,Advanced: Sly Swooper,flag:374
625,Advanced: Invoking Rath,flag:372
626,Advanced: Seismic Scares,flag:428
627,Advanced: Twinkle Toes,flag:534
628,Advanced: Seltas Queen,flag:526
629,Advanced: The Goliaths,flag:304
630,Advanced: Barrage of Blue,flag:530
631,Advanced: Seeing Red,flag:532
632,Advanced: Nothing is Sacred,flag:318
633,Advanced: Snowtal Recall,flag:510
634,Advanced: Invisible Thief,flag:376
635,Advanced: Teostra's Return,flag:438
636,Advanced: Might is Right,flag:685
637,Advanced: State in Flux,flag:685
638,Advanced: The Field's a Stage,flag:686
639,Advanced: Wrath of Rath,flag:160
640,Advanced: The Golden Pair,flag:210
641,Advanced: Out of the Fry Pan,flag:260
702,Harvest Tour: Ruined Pinnacle,flag:1008
701,Harvest Tour: Desert,flag:1069
721,Harvest Tour: Ancestral Steppe,flag:1008
722,Harvest Tour: Primal Forest,flag:1069
723,Harvest Tour: Jurassic Frontier,flag:1069
724,Harvest Tour: Dunes,flag:1070
725,Harvest Tour: Verdant Hills,flag:1070
726,Harvest Tour: Arctic Ridge,flag:1008
727,Harvest Tour: Misty Peaks,flag:1070
728,Defiant Maccao,flag:1008
704,Azure Azure Can Be,flag:1008
706,Kut-Ku Misunderstood,flag:1008
713,Research Team's First Rodeo,flag:1006
714,"Ruined Pinnacle, RUINED",flag:1008
715,Brave New Ore,flag:1070
730,Husk Hunter,flag:1069
729,Wyvern Egg Delivery: Breakfast,flag:1008
711,Fashion Victim,flag:1070
717,A Friend in Need,flag:1012
718,March of the Genprey,flag:1069
719,On Burrowed Time,flag:1069
720,A Berry Dubious Idea,flag:1069
703,Bug Appétit Encore,flag:1008
707,Enough Monkeying Around,flag:1008
709,Poisoned for Action,flag:1069
710,Spit It Out,flag:1069
733,Eau de Congalala,flag:1069
734,Bag a Barroth!,flag:1070
732,Dune the Honors,flag:1070
735,Verdant Hills Horror,flag:1070
705,Investment Flanking,flag:1008
708,The Killer Rabbit of Arctic Ridge,flag:1008
716,Taking Royal Liberties,flag:1017
736,Season's Eatings,flag:1384
801,Harvest Tour: Jungle,flag:1025
820,Harvest Tour: Frozen Seaway,flag:1029
821,Harvest Tour: Volcanic Hollow,flag:1029
822,Harvest Tour: Deserted Island,flag:1025
823,Harvest Tour: Marshlands,flag:1025
824,Harvest Tour: Volcano,flag:1029
803,Dazed and Confused,flag:1025
807,Grapes of Rathian,flag:1025
809,Airship Upgrade: Plesioth,flag:1027
812,Naked Aggression,flag:1025
825,Mushroom for Improvement,flag:1025
826,I See It Rollin'...,flag:1025
808,It's Gonna Eat Me!,flag:1025
814,Airship Upgrade: Nargacuga,flag:1027
815,"Wrong Bird, Idiots...",flag:1025
816,A Trace of Light,flag:1025
817,Shell Game,flag:1025
828,Wyvern Egg Delivery: Lunch,flag:1025
829,My New Life as a Maccao,flag:1029
806,Primal Forest Arachnids,flag:1022
830,Much Ado about Najarala,flag:1025
804,Bloof!,flag:1029
831,A Seaway Just for You,flag:1029
832,A Cure for Laziness,flag:1029
833,The Furtilizer That Time Furgot,flag:1276
834,Just Deserts,flag:1029
813,The Perils of Commerce,flag:1288
805,Khezu Deserve It,flag:1025
810,Whiteout,flag:1025
835,Fishing's Lure,flag:1025
836,A Royal Rumble,flag:1025
837,The Way of the Nargacuga,flag:1029
838,Deserted Island Missive,flag:1029
802,Perfectly Normal Rock,flag:1025
839,Marshlands Horror Story,flag:1029
811,Airship Upgrade: Lavasioth,flag:1027
818,"It's Not Uragaan's, It's Mine!",flag:1338
840,Volcanic Vexations,flag:1029
917,Rathalos Topping,flag:1035
918,Taming of the Zinogre,flag:1035
919,Ore d'Oeuvres,flag:1035
916,Ruined and Tarnished,flag:1044
920,Desert Death Duel,flag:1044
914,Fearful Symmetry,flag:1328
902,The Fly in the Ointment,flag:1035
904,Lagiacrus x Width x Height,flag:1035
905,Whatdunnit,flag:1035
921,Soap Opera,flag:1044
922,Mt. Duramboros,flag:1035
923,A Jungle Just for You,flag:1050
924,Flappy Pest,flag:1272
925,Pheromone Moans,flag:1372
926,Primal Panic,flag:1047
927,Distress Signal,flag:1035
901,Airship Upgrade: Barioth,flag:1047
928,Snow Joke,flag:1044
929,Ruler of the Frozen Seaway,flag:1035
930,An Ice Surprise,flag:1035
903,You're under a Rath,flag:1035
931,Capture the Agnaktor,flag:1035
910,"Great, Glavenus Again",flag:1067
932,Desert Double Act,flag:1050
908,"Alas, Astalos Again",flag:1067
933,Interruption: Eggstra Delivery,flag:1320
934,Once upon a Barioth,flag:1050
909,"Groan, Gammoth Again",flag:1067
935,Snowball Skirmish,flag:1336
907,"Man, Mizutsune Again?",flag:1067
936,Sky Tribe: Rice to the Occasion,flag:1280
906,Wish upon a...Gravios?,flag:1033
913,Earn Your Gear,flag:1284
911,You Had One Job,flag:1050
938,Disaster on the Steppes,flag:1050
939,Jurassic Frontier Fracas,flag:1050
940,Just a Mirage...?,flag:1050
941,Trouble Comes in Threes,flag:1050
915,Impossible Standards,flag:1050
937,My Kirin for a Horse,flag:1050
1005,Beware the Comet of Disaster,flag:1050
1053,Beware the Comet of Disaster,flag:1053
1022,The Baleful Comet,flag:1053
1021,Turn That Frown Upside Down,flag:1053
1020,An Almost-Certainly-Fine Comet,flag:1053
1031,Deviljho Dispossession,flag:1340
1001,Thousand-Blade Brouhaha,flag:1053
1002,Duel With the Devil,flag:1053
1006,Roar of the Rajang,flag:1053
1054,Wyvern Egg Delivery: Dinner,flag:1053
1032,"Red Dragon, Green Dragon",flag:1053
1033,Primal Panic,flag:1053
1034,A Cure for Idleness,flag:1053
1003,Bad Hair Day: Brachydios,flag:1053
1035,Bring Me My Sword,flag:1053
1036,Horned and Dangerous,flag:1053
1007,Deviljho Food Cake,flag:1053
1037,Barioth's Blizzard,flag:1053
1038,Bag a Brachydios,flag:1053
1004,Wheel of Time,flag:1053
1046,Coalition of Chaos,flag:1053
1047,Verdant Hills Just for You,flag:1053
1048,Misty Peaks Missive,flag:1053
1049,Deserted Islands Horror,flag:1053
1050,The Marshlands Morass,flag:1053
1026,Grave Peril,flag:1054
1017,King of Hellfire,flag:1054
1018,The Seat of a God,flag:1054
1019,Stormlord,flag:1054
1039,Blazing Black of a Dark God,flag:1057
1040,Advanced: Ranging Rathalos,flag:1318
1041,Advanced: Roaring in the Ridge,flag:1344
1042,Advanced: Moonlight Zinogre,flag:1362
1012,Advanced: Wrong One Silver,flag:1059
1013,Advanced: Heart of Gold,flag:1059
1044,Advanced: Trial at the Pinnacle,flag:1072
1009,Advanced: Steel Yourself,flag:1059
1045,Advanced: Karma Chameleos,flag:1059
1011,Advanced: Empire of the Sun,flag:1059
1051,Advanced: Jurassic Pair,flag:1294
1052,Advanced: Quarrel Quelling,flag:1346
1027,Advanced: Monster Hunter!,flag:1073
1028,Advanced: Proof of a Champion,flag:1073
1029,Advanced: Wycademy Challenge,flag:1073
1030,Advanced: Guild's Greatest Hit,flag:1073
1055,Advanced: Ultimate Generation,flag:1073
10101,Harvest Tour: Jurassic Frontier,flag:101
10102,Harvest Tour: Dunes,flag:101
10103,Harvest Tour: Verdant Hills,flag:101
10104,Harvest Tour: Arctic Ridge,flag:101
10105,Harvest Tour: Misty Peaks,flag:101
10106,Boot to the Head,flag:101
10107,Tackling the Tetsucabra,flag:101
10108,Lost in the Jurassic Frontier,flag:101
10109,Red-Faced Ruffians,flag:101
10110,A Fern is Forever,flag:101
10111,Gendrome Roadblock,flag:101
10112,In Pursuit of the Sand Wyvern,flag:101
10113,Shells of Steel,flag:101
10114,Hermitaur Party,flag:101
10115,Ingredient Hunter,flag:380
10116,Hunt Down the Velocidrome!,flag:101
10117,Local Threat,flag:101
10118,Financial Focus on Fungus,flag:101
10119,Farming Frustrations,flag:101
10120,Snow with Occasional Lagombi,flag:101
10121,Preying on Giaprey,flag:101
10122,Special Home Brew,flag:101
10123,Bulldrome of the Peaks,flag:101
10124,The Ingredient of Legend,flag:434
10125,Royal Spit Take,flag:101
10126,A Mother's Woes,flag:101
10127,Jaggi Junket,flag:101
10128,The Next Best Thing,flag:101
10201,Harvest Tour: Deserted Island,flag:105
10202,Harvest Tour: Marshlands,flag:105
10203,Insomnia? Meet Hypnotism,flag:105
10204,Walk 'n Roll,flag:105
10205,Rocking Rhenoplos,flag:105
10206,The Desert Gourmand,flag:105
10207,Tongue-Tied,flag:105
10208,The Poison-fanged Duo,flag:105
10209,Konchu Collector,flag:105
10210,Liver of Legend!,flag:105
10211,Noise Violation,flag:105
10212,In Search of the Yian Garuga,flag:105
10213,Finishing the Job,flag:464
10214,Fresh is Best,flag:512
10215,The Shadow in the Mountains,flag:105
10216,The New Tenant,flag:103
10217,Blango Slaying Tactics,flag:105
10218,Operation: Secure Specimen,flag:105
10219,Royal Assassination,flag:105
10220,Ahoy! Royal Ludroth!,flag:394
10221,Bye Bye Jaggia,flag:105
10222,Malfestio Festival,flag:105
10223,Wyvern of the Wind,flag:105
10224,Tetsucabra Bounty,flag:105
10225,Deserted Island Dustup,flag:105
10226,Bnahabra Bloodbath,flag:105
10227,Poisonous Pest,flag:105
10228,Pincer through the Sky,flag:105
10229,Serpentine Samba,flag:105
10230,Ioprey Hunting,flag:105
10231,Attack of the Giant Bugs!,flag:105
10232,Collect to Combine,flag:105
10301,Harvest Tour: Volcano,flag:109
10302,Flames of Glavenus Passion,flag:109
10303,Tigrex by the Tail,flag:109
10304,"Dark Wings, Dark Work",flag:109
10305,Fossilized Memories,flag:390
10306,A Thousand Scales of Dread,flag:109
10307,A Shocking Scoundrel,flag:107
10308,The King's Domain,flag:109
10309,Fury Run Afoul,flag:109
10310,Lagiacrus Lethargy,flag:109
10311,Moonlit Bubble Bath,flag:109
10312,Topple the Monarch,flag:109
10313,Lagiacrushed,flag:484
10314,Tuff Turf,flag:109
10315,Isle About that Bass,flag:486
10316,Heaven and Earth,flag:109
10317,Fro Shizzle,flag:432
10318,Bladed Glavenus,flag:109
10319,Fight or Uragaan!,flag:109
10320,The Shogun's Encampment,flag:109
10321,Crustacean Infestation,flag:109
10322,Scavengers United,flag:109
10323,More Coal Please,flag:109
10324,An Early Jurassic Excursion,flag:109
10325,Wyvern Sand Runners,flag:109
10326,"Zinogre, Bearly Fazed",flag:109
10327,Making it Safe for Swine,flag:109
10328,Rumble in the Volcano,flag:109
10329,It's Electric,flag:109
10330,The White Brute,flag:109
10331,The Frozen Dictator,flag:109
10332,The Elder Dragon of Mist,flag:109
10333,Emperor of Flame,flag:109
10334,Stop the Wheel,flag:109
10335,Two-headed Carcass,flag:111
10401,Harvest Tour: A. Steppe,flag:113
10402,Harvest Tour: Primal Forest,flag:113
10403,Harvest Tour: Jurassic Frontier,flag:113
10404,Harvest Tour: Dunes,flag:113
10405,Harvest Tour: Verdant Hills,flag:113
10406,Harvest Tour: Arctic Ridge,flag:113
10407,Harvest Tour: Misty Peaks,flag:113
10408,Swing into Action,flag:113
10409,Ruining the Ruins,flag:113
10410,Bag the Bounding Bandit,flag:113
10411,Jaggi of the Steppe,flag:113
10412,Ancestral Steppe Fungus Run,flag:113
10413,Bug Appétit,flag:113
10414,Gendrome Roadblock,flag:113
10415,Lost in the Primal Forest,flag:113
10416,Hunt Down the Velocidrome!,flag:113
10417,Poison Paralysis Pinch,flag:113
10418,Crystal Bone Collector,flag:113
10419,Hair of the Dog,flag:113
10420,Tackling the Tetsucabra,flag:113
10421,So Notable: Great Maccao,flag:322
10422,The Land Sharq,flag:113
10423,Shells of Steel,flag:113
10424,Birds of a Feather,flag:113
10425,Bullfango Brigade,flag:113
10426,Delicious White Livers,flag:378
10427,The Bulldrome Charges,flag:113
10434,Enter the Giadrome,flag:113
10428,Snow with Occasional Lagombi,flag:113
10429,Arzuros Encroaches,flag:113
10430,Royal Spit Take,flag:113
10431,Netting Neopterons,flag:113
10432,Clash of Rivals,flag:440
10433,A Powerful Team,flag:113
10501,Harvest Tour: Frozen Seaway,flag:117
10502,Harvest Tour: Volcanic Hollow,flag:117
10503,Harvest Tour: Deserted Island,flag:117
10504,Harvest Tour: Marshlands,flag:117
10505,Harvest Tour: Volcano,flag:117
10506,So Notable: Kecha Wacha,flag:324
10507,Ancestral Steppe Accounting,flag:117
10543,Pink Stink,flag:117
10508,Dragon Lady,flag:117
10509,The Ioprey Leader,flag:117
10510,The Intelligent Malfestio,flag:117
10511,Serpentine Samba,flag:117
10512,Spotted Beauty,flag:333
10513,Primal Forest Accounting,flag:117
10514,Fin Finder,flag:117
10515,The Walls Have Eyes,flag:117
10516,Must Love Lagombi,flag:117
10517,Zamite Fight,flag:117
10518,Stone-cold Stones,flag:117
10519,Liver and Let Die,flag:494
10520,Fight or Uragaan!,flag:117
10521,Worst. Trip. Ever!,flag:117
10522,Tetsucabra Bounty,flag:117
10523,Close Coal,flag:117
10524,Nargacuga Throwdown,flag:430
10525,Insomnia? Meet Hypnotism x 2,flag:117
10544,Brute of the Sands,flag:117
10526,The Desert Gourmand,flag:117
10527,Line in the Sand,flag:333
10528,Wrath of the Rathian,flag:117
10529,Twin Velocidrome,flag:332
10530,The New Tenant,flag:392
10531,A Plesioth in the Misty Peaks,flag:115
10532,Awful Guest,flag:492
10546,Web Sighting,flag:117
10533,Poisonous Pair,flag:333
10534,Attack of the Giant Bugs!,flag:117
10545,Disruptive Eruption,flag:117
10535,You Caught This? I Caught This,flag:117
10536,Tumbling Troublemaker,flag:117
10537,Shogun in the Flames,flag:117
10538,The Most Dangerous Game,flag:117
10539,Status: Effected,flag:117
10540,Desert Brawlers,flag:544
10541,The Hunter Games,flag:117
10542,"Hunt, Sweat, and Tears",flag:117
10601,The Lightning Crown,flag:121
10602,What a Girl Wants,flag:121
10603,Rathalos Run,flag:121
10604,Watch Your Steppe,flag:328
10605,Bug Buffet,flag:121
10606,A Bewitching Dance,flag:119
10607,Dread Locked,flag:121
10670,Barioth Hunt,flag:121
10608,The Unshakable Mountain God,flag:119
10609,Topple the Monarch,flag:121
10610,Bedevil a Deviljho,flag:121
10611,Frozen Seaway Accounting,flag:121
10671,A Cure for Cowardice,flag:121
10612,Master of the Molten Deep,flag:121
10613,Duel in the Volcanic Hollow,flag:121
10614,Volcanic Hollow Accounting,flag:121
10615,Bug Bite,flag:121
10616,Heaven and Earth,flag:121
10617,From Beyond the Sands,flag:121
10618,Legend of the Monkey King,flag:121
10619,Astalos Territory,flag:121
10620,Lord of the Skies,flag:121
10621,The Rajang in the Snow,flag:121
10622,Fury Run Afoul,flag:121
10623,Bl-Bl-Blangongas!,flag:416
10624,Surrounded by Bubbles,flag:121
10625,The Moving Mountain,flag:121
10626,The Fisherman's Fiend,flag:121
10627,Open Season for Jaggia,flag:121
10628,For Whom the Gong Tolls,flag:121
10629,Quartz Rivalry,flag:121
10630,We Can Dig It,flag:121
10631,Coal Hearted,flag:546
10632,River of Fire,flag:121
10633,Dances with Wyverns,flag:121
10634,Bugging Out,flag:121
10635,A Three Hour Tour,flag:121
10636,A Hollow Defense,flag:121
10637,Wild Gunman,flag:121
10638,Marshlands Rag,flag:121
10639,Firefight to the Finish!,flag:121
10640,At the Slayground,flag:121
10641,It's Electric,flag:121
10642,The White Brute,flag:121
10643,A Scenic Locale,flag:121
10644,Miasma Attack,hub_star:6 AND atleast:2:10601|10605|10612|10613|10628
10645,Stop the Wacha!,hub_star:6 AND atleast:2:10601|10605|10612|10613|10628
10646,We Are Not Amused,hub_star:6 AND atleast:2:10644|10645|10648|10658|10659|10660
10647,Zamtrios Fight!,hub_star:6 AND atleast:2:10644|10645|10648|10658|10659|10660
10648,The Frog of War,hub_star:6 AND atleast:2:10601|10605|10612|10613|10628
10649,Triple Toady Terror,flag:386
10650,The Coal Still Burns,flag:384
10651,Woe Malfestio,flag:310
10652,Born of Darkness,hub_star:6 AND atleast:2:10644|10645|10648|10658|10659|10660
10653,Nibeling on Apples,flag:516
10654,Warning: Hyper Yian Garuga!,hub_star:6 AND atleast:2:10644|10645|10648|10658|10659|10660
10655,Hyper for Holes,flag:439
10656,The Plesioth Adventure,flag:518
10657,Daimyo of the Deserted Island,flag:439
10658,Where the Wild Manes Are,hub_star:6 AND atleast:2:10601|10605|10612|10613|10628
10659,Hyper Investigation,hub_star:6 AND atleast:2:10601|10605|10612|10613|10628
10660,The Khezu and the Shadow,hub_star:6 AND atleast:2:10601|10605|10612|10613|10628
10661,Bring On the Shogun,flag:439
10662,Unnerving Najarala,hub_star:6 AND atleast:2:10644|10645|10648|10658|10659|10660
10663,Eruption Embodied,hub_star:6 AND atleast:2:10644|10645|10648|10658|10659|10660
10664,The Magma's Rage,flag:424
10665,Minion Audition Imposition,flag:442
10701,Stop the Wheel,flag:125
10702,A Gathering of Wyverns,flag:125
10703,A Song of White and Lapis,flag:125
10704,A Cold Set of Armor,flag:125
10705,Rocked and Rolled,flag:125
10706,So Notable: Seregios,flag:326
10707,Hammer vs. Blade,flag:125
10708,A Roar to the Heavens,flag:125
10709,The Hapless Bodyguard,flag:548
10710,Seer of Swords,flag:125
10768,Legendary Skills?,flag:132
10711,The Yukumo Gal Special,flag:460
10712,Repaying the Favor,flag:466
10713,You Bet Your Life,flag:125
10714,Wyvern's Way,flag:125
10715,Bewitching Heat,flag:125
10716,The Mountain God's Lightning,flag:125
10717,A Man's Arena is His Castle,flag:125
10718,The Hunter Games,flag:125
10719,The Flames of War,flag:125
10720,A Shocking Revelation!,flag:125
10721,The Gathering Storm,flag:125
10722,Hellfire Star,flag:127
10723,Putting the Gore in Magala,flag:330
10770,Steppe in the Right Direction,hr:8 AND atleast:2:10644|10645|10648|10658|10659|10660
10724,"Tigrex, Tigrex, Burning Bright",flag:426
10725,A Thousand Blades of Wrath,hr:7 AND hub_star:6 AND atleast:2:10644|10645|10648|10658|10659|10660
10726,A Fiery Temper,flag:350
10727,The Unassailable Seltas Queen,hr:7 AND hub_star:6 AND atleast:2:10644|10645|10648|10658|10659|10660
10771,Rajang's Black Spirit,hr:8 AND atleast:2:10644|10645|10648|10658|10659|10660
10728,Savage Sword of the Desert,hr:7 AND hub_star:6 AND atleast:2:10644|10645|10648|10658|10659|10660
10729,Wyvernlit Evening,hr:7 AND hub_star:6 AND atleast:2:10644|10645|10648|10658|10659|10660
10730,Wyverns All Around Us,flag:372
10731,"Wild Gods, Calm Rangers",hr:7 AND hub_star:6 AND atleast:2:10644|10645|10648|10658|10659|10660
10732,Into the Maelstrom,flag:400
10733,The Lithe and Unbreaking,hr:7 AND hub_star:6 AND atleast:2:10644|10645|10648|10658|10659|10660
10734,The Peril of the Land,hr:7 AND hub_star:6 AND atleast:2:10644|10645|10648|10658|10659|10660
10735,The Wolf and the Footbath,flag:468
10736,The Thieving Gypceros,flag:552
10737,Steam and Smoke,flag:470
10738,The Glowing Embers,hr:7 AND hub_star:6 AND atleast:2:10644|10645|10648|10658|10659|10660
10739,Primal Forest Defense,flag:320
10740,The End of the Trials,flag:540
10741,The Descending Fog,flag:536
10742,Searching for Secret Baths,flag:472
10743,Show Me Your Shaka-Strength,flag:444
10744,The Marshlands Nightmare,flag:528
10745,The Birds of Prey,hr:7 AND hr:8 AND hub_star:6 AND atleast:2:10644|10645|10648|10658|10659|10660
10746,The Fanged Beasts,hr:7 AND hr:8 AND hub_star:6 AND atleast:2:10644|10645|10648|10658|10659|10660
10747,The Winged Wyverns,hr:7 AND hr:8 AND hub_star:6 AND atleast:2:10644|10645|10648|10658|10659|10660
10748,The Foes of the Deep,hr:7 AND hr:8 AND hub_star:6 AND atleast:2:10644|10645|10648|10658|10659|10660
10749,The Beasts of Brawn,hr:7 AND hr:8 AND hub_star:6 AND atleast:2:10644|10645|10648|10658|10659|10660
10750,Ring of the Silver Sol,hr:9
10751,Ring of the Golden Lune,hr:9
10752,Usurpers of the Throne,atleast:2:10750|10751
10772,Following the Fallen,atleast:1:10750 AND hr:8 AND atleast:2:10644|10645|10648|10658|10659|10660
10773,Fool's Gold,atleast:1:10751 AND hr:8 AND atleast:2:10644|10645|10648|10658|10659|10660
10774,Shining Examples,atleast:2:10750|10751 AND hr:8 AND atleast:2:10644|10645|10648|10658|10659|10660
10753,Child of Destruction,hr:9
10754,A Shock in the Dark,hr:9
10755,Triumphant Rage,flag:538
10756,The Frozen Dictator,hr:9
10757,Kushala Daora Strikes,hr:9
10758,The Elder Dragon of Mist,hr:9
10759,Beyond the Silence,hr:9
10760,Emperor of Flame,hr:9
10761,The Fires of Devastation,hr:9
10762,Grim Tidings,hr:9
10763,Absolute Zero,hr:9
10764,The Looming Calamity,hr:9
10765,The Brilliant Darkness,hr:9
11101,Harvest Tour: Ruined Pinnacle,flag:1401
11102,Harvest Tour: Desert,flag:1401
11117,Harvest Tour: Ancestral Steppe,flag:1401
11118,Harvest Tour: Primal Forest,flag:1401
11119,Harvest Tour: Jurassic Frontier,flag:1401
11120,Harvest Tour: Dunes,flag:1401
11121,Harvest Tour: Verdant Hills,flag:1401
11122,Harvest Tour: Arctic Ridge,flag:1401
11123,Harvest Tour: Misty Peaks,flag:1401
11106,Pecking Order,flag:1401
11124,After That Bird!,flag:1290
11116,Sweetheart's Pick: Lofty Ludroth,flag:1364
11125,Fangs for the Bath,flag:1401
11114,"Ruined Pinnacle, RUINED",flag:1401
11126,Just Five Morel Minutes...,flag:1401
11113,Daimyo Hermitaur Flambé,flag:1352
11112,A Berry Dubious Idea,flag:1401
11109,"Lost, But Not for Long",flag:1401
11127,Face Two Face,flag:1401
11107,Enough Monkeying Around,flag:1401
11110,Pleasantly Sozzled,flag:1278
11128,Antony and Tetsucabra,flag:1401
11103,A Brush with Bugs,flag:1401
11111,Surprise!,flag:1401
11129,The Bird Who Wood Be King,flag:1332
11108,The Killer Rabbit of Arctic Ridge,flag:1401
11105,Survival of the Biggest,flag:1401
11104,Riverside Rumble,flag:1376
11130,Water Fight,flag:1401
11201,Harvest Tour: Jungle,flag:1405
11220,Harvest Tour: Frozen Seaway,flag:1405
11221,Harvest Tour: Deserted Island,flag:1405
11222,Harvest Tour: Marshlands,flag:1405
11223,Harvest Tour: Volcano,flag:1405
11224,The Legend of King Apple,flag:1386
11206,Treasure Pinnacle: Rice,flag:1326
11248,Queen of the Ruined Pinnacle,flag:1405
11250,Naked Aggression,flag:1405
11225,Smithy Business,flag:1405
11202,I See It Rollin'...,flag:1405
11204,Dirty Deals,flag:1403
11211,Share the Load (and the Reward),flag:1316
11212,Shadows in the Desert Lake,flag:1405
11203,Not Mushroom to Swing a Congalala,flag:1405
11210,Sky Tribe: Savior of the Skyway,flag:1282
11216,Face-off in the Jungle,flag:1312
11218,Hit the Lights,flag:1405
11219,Shelling Out for Fashion,flag:1405
11226,Royal Assassination,flag:1405
11209,Feeding Time,flag:1405
11217,Poisoned Primal Forest,flag:1405
11207,Through Thick and Fin,flag:1300
11227,Zamite Fright,flag:1405
11228,Fishing's Lure,flag:1405
11229,The Next Stage of E-Volvi-lution,flag:1405
11230,Brute of the Sands,flag:1405
11231,Trade Dispute,flag:1405
11215,A Coil to Arms,flag:1366
11208,Chilled to the Marrow,flag:1370
11213,Earn Your Strength,flag:1286
11232,We've Reached Peak Blangonga,flag:1405
11233,Please Plesioth Me!,flag:1342
11234,Jumping at Shadows,flag:1405
11235,The Owled Man and the Sea,flag:1405
11205,That's No Rock...,flag:1405
11236,The Shadow in the Cave,flag:1405
11237,March Melancolico,flag:1405
11238,Interruption: Conga Line,flag:1324
11239,Commission: Basarios,flag:1296
11249,Afro Soul Is a Way of Life,flag:1350
11214,Feeling Generally Crabby,flag:1330
11240,Great Ore Discovery,flag:1405
11241,Minion's Devotion,flag:1358
11242,So Notable: Hyper Hermitaur,flag:1310
11243,Revenge from the Skies,all:11248|11212|11203|11209|11229|11205 AND atleast:1:11106|11129
11244,Commission: Hyper Kecha Wacha,flag:1298
11245,"Frog's Face, Demon's Heart",all:11248|11212|11203|11209|11229|11205 AND atleast:1:11128|11110
11247,The Verdant Hills Are Alive,all:11248|11212|11203|11209|11229|11205 AND atleast:1:11124|11109
11246,The Hype is Royal,all:11248|11212|11203|11209|11229|11205 AND atleast:1:11116|11130
11343,Harvest Tour: Volcanic Hollow,flag:1409
11302,The Unapproachable Yian Garuga,flag:1409
11344,Paralyzing Peril,flag:1409
11308,Return from the Pinnacle,flag:1409
11311,Pinnacle Pioneering,flag:1409
11345,Problem at the Pinnacle,flag:1409
11313,The Boiling Broiling Desert,flag:1409
11346,Strutting the Royal Runway,flag:1409
11310,Water Kerfuffle,flag:1409
11347,Hunt-a-Thon: Yian Garuga,flag:1409
11348,Primal Forest Fears,flag:1409
11349,Hunt-a-Thon: Gravios,flag:1308
11304,The Lost Expedition,flag:1409
11312,Ice Recovery,flag:1409
11309,A Certain Gravitas,flag:1409
11350,Hunter Dojo: Tail-do,flag:1409
11351,It's Gotta Be Coal,flag:1409
11305,The Royal Guard,flag:1409
11314,Eclipse at Jurassic Frontier,flag:1409
11352,PR Disaster,flag:1306
11306,Predator in the Hills,flag:1409
11353,I Hope It's Not Barioth Flavored,flag:1378
11354,Hunter Dojo: Tusk-fu,flag:1409
11355,Howl at the Moon,flag:1368
11356,Hunter Dojo: Bubble-jitsu,flag:1409
11357,"""Kiken"" Means ""Danger""!",flag:1409
11307,"The Sun, Also Wyverns",flag:1409
11358,Hunter Dojo: Lightning Wushu,flag:1409
11303,Uragaan Grief,flag:1304
11359,"Heavenly Fire, Earthly Flame",flag:1409
11319,Giant Dragon Invasion,flag:1407
11360,Frontier Fisticuffs,flag:1409
11361,Down With This Sort of Thing,flag:1409
11363,Searing Sands,flag:1409
11365,Arena Bakalaka-Battle! Woo!,flag:1360
11325,Trial by Fart,all:11311|11313|11310|11304|11312|11309 AND atleast:1:11203|11238
11328,The Pinnacle of Good Records,all:11311|11313|11310|11304|11312|11309 AND atleast:1:11205|11239
11333,The Pinnacle of Terror,all:11311|11313|11310|11304|11312|11309 AND atleast:1:11248|11210|11226
11334,Eat in Pieces,all:11311|11313|11310|11304|11312|11309 AND atleast:1:11211|11231
11335,Diabolical Deluge,all:11311|11313|11310|11304|11312|11309 AND atleast:1:11212|11233
11332,Temnoceranophobia,all:11311|11313|11310|11304|11312|11309 AND atleast:1:11209
11339,...Or Just Wait for It to Poop,all:11311|11313|11310|11304|11312|11309 AND atleast:1:11215|11237
11330,"Zamtrios, Right Ahead!",all:11311|11313|11310|11304|11312|11309 AND atleast:1:11207
11331,Frozen Seaway Horror Story,all:11311|11313|11310|11304|11312|11309 AND atleast:1:11208|11236
11329,Sweets for My Sweets,flag:1292
11340,Nargacuga in the Jurassic Frontier,all:11311|11313|11310|11304|11312|11309 AND atleast:1:11216|11234
11327,The Mud Must Flow,all:11311|11313|11310|11304|11312|11309 AND atleast:1:11204|11230
11336,Shhhhut Up,all:11311|11313|11310|11304|11312|11309 AND atleast:1:11213|11232
11338,No Place to Run,all:11311|11313|11310|11304|11312|11309 AND atleast:1:11214|11250
11337,It's a Miner's Life,all:11311|11313|11310|11304|11312|11309 AND atleast:1:11249
11367,Let the Games Begin,atleast:2:11244|11332
11366,Material Old Girl,flag:1354
11316,A Pinnacle Just for You,flag:1409
11318,Reality or Fantasy?,flag:1409
11317,The Phantom Beast!,flag:1409
11401,Sky Render,flag:1411
11459,Hunter Dojo: Valstrax-ryu,flag:1413
11458,Supersonic,flag:1413
11460,Scales of Justice,flag:1413
11403,Battle of 1001 Blades,flag:1413
11406,Beware Twin Horns on the Sand,flag:1413
11461,Deviljho Hunt,flag:1413
11409,Paint It Gold,flag:1413
11405,Tracing the Family Tree,flag:1413
11462,Price Freeze,flag:1413
11463,Seregios Scuffle,flag:1413
11407,Slam Gunk,flag:1413
11464,Diabolical Delight,flag:1413
11465,Emergency at the Arctic Ridge!,flag:1413
11404,Misty Opportunity?,flag:1413
11410,Everything in Moderation,flag:1413
11402,Lavaclad Beast,flag:1413
11466,Brachydios Bypass,flag:1413
11467,A Very Long Engravement,flag:1415
11408,Ends of the Earth,flag:1415
11468,A Titanic Clash,flag:1415
11469,The Ol' Razzle Dazzle,flag:1274
11484,Jurassic Skulduggery,flag:1415
11485,Verdant Hills Missive,flag:1415
11470,Quest of Friendship,flag:1388
11471,Fiery Four-way Fracas,flag:1356
11432,Castle on the Run,flag:1417
11472,Pitched Pinnacle Battle,all:11406|11461|11405|11465|11467|11468 AND atleast:1:11461|11410 AND hr:13
11442,All Creatures Cleaved and Small,all:11406|11461|11405|11465|11467|11468 AND atleast:1:11313|11350 AND hr:13
11448,Backwater Battle,all:11406|11461|11405|11465|11467|11468 AND atleast:1:11406|11464 AND hr:13
11474,Rajang Against The Machine,all:11406|11461|11405|11465|11467|11468 AND atleast:1:11409|11465 AND hr:13
11436,Seeking the Sea King,flag:1394
11440,If These Rocks Could Talk,all:11406|11461|11405|11465|11467|11468 AND atleast:1:11311|11358 AND hr:13
11446,Appeal from Authority,all:11406|11461|11405|11465|11467|11468 AND atleast:1:11404 AND hr:13
11434,Neopteronophobia,all:11406|11461|11405|11465|11467|11468 AND atleast:1:11346|11305 AND hr:13
11439,It Takes Mizutsune to Tango,all:11406|11461|11405|11465|11467|11468 AND atleast:1:11310|11356 AND hr:13
11444,Something Wicked,all:11406|11461|11405|11465|11467|11468 AND atleast:1:11345|11314 AND hr:13
11433,Setting the Barioth High,all:11406|11461|11405|11465|11467|11468 AND atleast:1:11304|11353 AND hr:13
11441,The Big Push,all:11406|11461|11405|11465|11467|11468 AND atleast:1:11312|11354 AND hr:13
11475,What's Mine is Mine,all:11406|11461|11405|11465|11467|11468 AND atleast:1:11303 AND hr:13
11443,Agnaktor's Deep,all:11406|11461|11405|11465|11467|11468 AND atleast:1:11402 AND hr:13
11483,Garuga's Comeuppance,all:11406|11461|11405|11465|11467|11468 AND atleast:1:11302|11347 AND hr:13
11445,Seregios Exposé,flag:1334
11447,Tigrex Trap,all:11406|11461|11405|11465|11467|11468 AND atleast:1:11405|11462 AND hr:13
11478,Zinogre-enthusiasm,flag:1374
11449,Even Brachydios Need A Holiday,flag:1382
11438,Marshland Fandango,all:11406|11461|11405|11465|11467|11468 AND atleast:1:11349|11309 AND hr:13
11435,Let's Get Igneous,all:11406|11461|11405|11465|11467|11468 AND atleast:1:11357 AND hr:13
11486,R.I.P.,atleast:2:11435|11333
11487,Death at My Greaves,atleast:2:11438|11332
11488,Pinnacle Problems,atleast:6:11472|11442|11448|11474|11440|11446|11434|11439|11444|11433|11441|11475|11443|11483|11447|11438|11435|11486|11487|11436|11445|11478|11449|11476|11477|11473
11489,A Bed of Sand,atleast:6:11472|11442|11448|11474|11440|11446|11434|11439|11444|11433|11441|11475|11443|11483|11447|11438|11435|11486|11487|11436|11445|11478|11449|11476|11477|11473
11490,Jungle Funk,atleast:6:11472|11442|11448|11474|11440|11446|11434|11439|11444|11433|11441|11475|11443|11483|11447|11438|11435|11486|11487|11436|11445|11478|11449|11476|11477|11473
11479,Arctic Ridge Allegiances,flag:1392
11480,Arena Allegiances,flag:1390
11450,Path of the Hunter,atleast:4:11488|11489|11490|11479
11418,Silver-Tongued Storyteller,hr:40
11419,Gold Digger,hr:40
11481,The Sun and the Moon,atleast:2:11418|11419
11477,By the Light of the Silvery Rath,all:11406|11461|11405|11465|11467|11468 AND atleast:1:11418 AND hr:13
11476,A Jurassic Frontier Just for You,all:11406|11461|11405|11465|11467|11468 AND atleast:1:11419 AND hr:13
11473,A Tragedy in Silver and Gold,atleast:2:11477|11476
11411,Heaven and Hell,hr:35
11482,Primal Screams,flag:1314
11420,The Jungle VIP,hr:45
11421,Deranged Desert Deviljho,hr:45
11422,Brachydios Brute Squad,hr:50
11413,Steel Yourself,hr:35
11412,Blizzard Blower,hr:35
11414,Out of Thin Air,hr:35
11415,Into Thin Air,hr:35
11417,Sandblasting,hr:35
11416,Explosion Marks the Spot,hr:35
11431,A Bone to Pick,hr:50
11423,Trial by Akantor,hr:60
11424,Polar Peril,flag:1348
11425,Who Will Hunt the Rain?,hr:70
11455,Glory Glory Alatreon,hr:80
11454,Fade to Black,hr:90
11456,The End Is Nigh,hr:95
11457,Old Fatalis,hr:100
100201,Prowler's First Errand,cleared:206
100202,Jurassic Fungologist,cleared:100201
100203,Lucky Frontier Cat,cleared:100202
100301,Verdant Hills Bully,atleast:2:303|100202
100302,Lucky Hills Cat,cleared:100301
100303,The Mining Drag,cleared:100301
100304,Felyne Fishing Weekly,cleared:100301
100305,Grooming the Moofahs,cleared:100301
100306,Bug Reports,atleast:1:100302|100303|100304|100305
100401,Great Maccao Headbreaker,atleast:2:402|100306
100402,Dash It All,cleared:100401
100403,An Offer You Can't Refuse,cleared:100401
100404,The Secret Ingredient,cleared:100401
100405,Marshlands Fishing?,atleast:1:100402|100403|100404
100406,Arctic Point Expedition,atleast:1:100402|100403|100404
100501,Blood Red Marshlands,cleared:501 AND atleast:1:100405|100406
100502,An Offer You Can't Relieve,cleared:100501
100503,Uroktor Hide 'n Seek,cleared:100501
100504,Into the Volcano,cleared:100501
100505,Kut-Ku Earbreaker,atleast:1:100502|100503|100504
100601,The Right Cattitude,cleared:601 AND cleared:100505
100602,D. Hermitaur Shellbreaker,cleared:100601
100603,Surrounded by Blue and Green,cleared:100601
100604,Poison and Fangs,cleared:100601
100701,Prowler's Second Errand,cleared:713
100702,Conga Line,cleared:100701
100703,Dashing Velocidrome,cleared:100702
100801,Eggcellent Surprise,cleared:806 AND cleared:100703
100802,Cold-Blooded Giadrome,cleared:100801
100803,Picturesque Pinnacle,cleared:100801
100804,Congalala Crestbreaker,atleast:1:100802|100803
100901,Innocent Curiosity,cleared:906 AND cleared:100804
100902,A Poison Paradise,cleared:100901
100903,Lucky Dunes Cat,cleared:100901
100904,Basarios Chestbreaker,atleast:1:100902|100903
101001,Lucky Hills Cat,cleared:1005 AND cleared:100904
101002,Ludroth Lunacy,cleared:101001
101003,Duramboros Humpbreaker,cleared:101001
101004,Snow Festival,cleared:101001
101005,Drome Rush!,atleast:1:101002|101003|101004 AND atleast:1:101002|101003|101004|110704|10768
110101,Dance: The Final Frontier,flag:101
110102,Taste the Mountains,flag:101
110103,Lucky Mountain Cat,flag:101
110201,Running with the Night,flag:105
110202,A Cricket to Love,flag:105
110203,A Resplendent Dance,flag:105
110301,Hot Scales & Sharp Pincers,flag:109
110302,There's Always Room for Fish,flag:109
110303,Out of the Frying Pan,flag:109
110401,The Grandmeowster's Trials,flag:113
110402,We Cat All Be Heroes,cleared:110401
110403,Fois Gras Faux Pas,cleared:110401
110404,Splash in the Moonlight,cleared:110401
110501,"Calm, Cool, and Collected",flag:117 AND cleared:110401
110502,Kecha Wacha Earbreaker,cleared:110501
110503,Fish On!,cleared:110501
110504,Lucky Volcano Cat,cleared:110501
110505,Under the Blazing Sun,atleast:1:110502|110503|110504
110601,Everywhere You Look,flag:121 AND cleared:110501
110602,Malfestio Headbreaker,cleared:110601
110603,The Snow Must Go On,cleared:110601
110604,Big Bro's Benevolence,cleared:110601
110701,The Ball's in Your Court,flag:125 AND cleared:110601
110702,Uragaan Shellbreaker,cleared:110701
110703,"Poison, Poison, Go Away",cleared:110701
110704,Meownster Hunter,cleared:10722 AND cleared:110701
111101,Bnahabra in the Stomach,flag:1401
111102,Lucky Steppe Cat,cleared:111101
111103,Desert Furrontier,cleared:111101
111201,Primal Furrontier,hr:10 AND cleared:111103
111202,Thank-You Gift,cleared:111201
111203,Royal Ludroth Manebreaker,cleared:111201
111301,Laughter is Not the Best Antidote,hr:11 AND cleared:111203
111302,Volcano Furrontier,cleared:111301
111303,Lucky Jungle Cat,cleared:111301
111304,Nerscylla Hidebreaker,atleast:1:111302|111303
111401,Lagiacrus Headbreaker,hr:12 AND cleared:111304
111402,Ninjadromes,cleared:111401
111403,Seltas Spat,cleared:111401
111404,Gravios Backbreaker,cleared:111401
111405,Meownster Hunter Ultimate,cleared:111401 AND cleared:11432
40101,Redhelm I: Hunt,atleast:1:10124|10768
40102,Redhelm II: Capture,cleared:40101
40103,Redhelm III: Hunt,cleared:40102
40104,Redhelm IV: Hunt,cleared:40103
40105,Redhelm V: Hunt,cleared:40104
40106,Redhelm VI: Hunt,cleared:40105
40107,Redhelm VII: Capture,cleared:40106
40108,Redhelm VIII: Hunt,cleared:40107
40109,Redhelm IX: Hunt,cleared:40108
40110,Redhelm X: Hunt,cleared:40109
40111,Redhelm G1: Capture,cleared:40110 AND atleast:1:11125|11104
40112,Redhelm G2: Hunt,cleared:40111
40113,Redhelm G3: Hunt,cleared:40112
40114,Redhelm G4: Hunt,cleared:40113
40115,Redhelm G5: Hunt,cleared:40114
40116,Redhelm EX: Hunt,cleared:40115 AND hr:100
40201,Snowbaron I: Hunt,atleast:1:10120|10768
40202,Snowbaron II: Capture,cleared:40201
40203,Snowbaron III: Hunt,cleared:40202
40204,Snowbaron IV: Hunt,cleared:40203
40205,Snowbaron V: Hunt,cleared:40204
40206,Snowbaron VI: Hunt,cleared:40205
40207,Snowbaron VII: Capture,cleared:40206
40208,Snowbaron VIII: Hunt,cleared:40207
40209,Snowbaron IX: Hunt,cleared:40208
40210,Snowbaron X: Hunt,cleared:40209
40211,Snowbaron G1: Capture,cleared:40210 AND atleast:1:11108
40212,Snowbaron G2: Hunt,cleared:40211
40213,Snowbaron G3: Hunt,cleared:40212
40214,Snowbaron G4: Hunt,cleared:40213
40215,Snowbaron G5: Hunt,cleared:40214
40216,Snowbaron EX: Hunt,cleared:40215 AND hr:100
40301,Stonefist I: Hunt,atleast:1:10113|10768
40302,Stonefist II: Capture,cleared:40301
40303,Stonefist III: Hunt,cleared:40302
40304,Stonefist IV: Hunt,cleared:40303
40305,Stonefist V: Hunt,cleared:40304
40306,Stonefist VI: Hunt,cleared:40305
40307,Stonefist VII: Capture,cleared:40306
40308,Stonefist VIII: Hunt,cleared:40307
40309,Stonefist IX: Hunt,cleared:40308
40310,Stonefist X: Hunt,cleared:40309
40311,Stonefist G1: Capture,cleared:40310 AND atleast:1:11113|11111
40312,Stonefist G2: Hunt,cleared:40311
40313,Stonefist G3: Hunt,cleared:40312
40314,Stonefist G4: Hunt,cleared:40313
40315,Stonefist G5: Hunt,cleared:40314
40316,Stonefist EX: Hunt,cleared:40315 AND hr:100
40401,Dreadqueen I: Hunt,atleast:1:10219|10768
40402,Dreadqueen II: Capture,cleared:40401
40403,Dreadqueen III: Hunt,cleared:40402
40404,Dreadqueen IV: Hunt,cleared:40403
40405,Dreadqueen V: Hunt,cleared:40404
40406,Dreadqueen VI: Hunt,cleared:40405
40407,Dreadqueen VII: Capture,cleared:40406
40408,Dreadqueen VIII: Hunt,cleared:40407
40409,Dreadqueen IX: Hunt,cleared:40408
40410,Dreadqueen X: Hunt,cleared:40409
40411,Dreadqueen G1: Capture,cleared:40410 AND atleast:1:11248|11210|11226|11352|11306
40412,Dreadqueen G2: Hunt,cleared:40411
40413,Dreadqueen G3: Hunt,cleared:40412
40414,Dreadqueen G4: Hunt,cleared:40413
40415,Dreadqueen G5: Hunt,cleared:40414
40416,Dreadqueen EX: Hunt,cleared:40415 AND hr:100
40501,Drilltusk I: Hunt,atleast:1:10420|10768
40502,Drilltusk II: Capture,cleared:40501
40503,Drilltusk III: Hunt,cleared:40502
40504,Drilltusk IV: Hunt,cleared:40503
40505,Drilltusk V: Hunt,cleared:40504
40506,Drilltusk VI: Hunt,cleared:40505
40507,Drilltusk VII: Capture,cleared:40506
40508,Drilltusk VIII: Hunt,cleared:40507
40509,Drilltusk IX: Hunt,cleared:40508
40510,Drilltusk X: Hunt,cleared:40509
40511,Drilltusk G1: Capture,cleared:40510 AND atleast:1:11128|11110
40512,Drilltusk G2: Hunt,cleared:40511
40513,Drilltusk G3: Hunt,cleared:40512
40514,Drilltusk G4: Hunt,cleared:40513
40515,Drilltusk G5: Hunt,cleared:40514
40516,Drilltusk EX: Hunt,cleared:40515 AND hr:100
40601,Silverwind I: Hunt,atleast:1:10524|10768
40602,Silverwind II: Capture,cleared:40601
40603,Silverwind III: Hunt,cleared:40602
40604,Silverwind IV: Hunt,cleared:40603
40605,Silverwind V: Hunt,cleared:40604
40606,Silverwind VI: Hunt,cleared:40605
40607,Silverwind VII: Capture,cleared:40606
40608,Silverwind VIII: Hunt,cleared:40607
40609,Silverwind IX: Hunt,cleared:40608
40610,Silverwind X: Hunt,cleared:40609
40611,Silverwind G1: Capture,cleared:40610 AND atleast:1:11216|11234
40612,Silverwind G2: Hunt,cleared:40611
40613,Silverwind G3: Hunt,cleared:40612
40614,Silverwind G4: Hunt,cleared:40613
40615,Silverwind G5: Hunt,cleared:40614
40616,Silverwind EX: Hunt,cleared:40615 AND hr:100
40701,Crystalbeard I: Hunt,atleast:1:10520|10768
40702,Crystalbeard II: Capture,cleared:40701
40703,Crystalbeard III: Hunt,cleared:40702
40704,Crystalbeard IV: Hunt,cleared:40703
40705,Crystalbeard V: Hunt,cleared:40704
40706,Crystalbeard VI: Hunt,cleared:40705
40707,Crystalbeard VII: Capture,cleared:40706
40708,Crystalbeard VIII: Hunt,cleared:40707
40709,Crystalbeard IX: Hunt,cleared:40708
40710,Crystalbeard X: Hunt,cleared:40709
40711,Crystalbeard G1: Capture,cleared:40710 AND atleast:1:11303
40712,Crystalbeard G2: Hunt,cleared:40711
40713,Crystalbeard G3: Hunt,cleared:40712
40714,Crystalbeard G4: Hunt,cleared:40713
40715,Crystalbeard G5: Hunt,cleared:40714
40716,Crystalbeard EX: Hunt,cleared:40715 AND hr:100
40801,Deadeye I: Hunt,atleast:1:10521|10768
40802,Deadeye II: Capture,cleared:40801
40803,Deadeye III: Hunt,cleared:40802
40804,Deadeye IV: Hunt,cleared:40803
40805,Deadeye V: Hunt,cleared:40804
40806,Deadeye VI: Hunt,cleared:40805
40807,Deadeye VII: Capture,cleared:40806
40808,Deadeye VIII: Hunt,cleared:40807
40809,Deadeye IX: Hunt,cleared:40808
40810,Deadeye X: Hunt,cleared:40809
40811,Deadeye G1: Capture,cleared:40810 AND atleast:1:11302|11347
40812,Deadeye G2: Hunt,cleared:40811
40813,Deadeye G3: Hunt,cleared:40812
40814,Deadeye G4: Hunt,cleared:40813
40815,Deadeye G5: Hunt,cleared:40814
40816,Deadeye EX: Hunt,cleared:40815 AND hr:100
40901,Dreadking I: Hunt,atleast:1:10603|10620|10768
40902,Dreadking II: Capture,cleared:40901
40903,Dreadking III: Hunt,cleared:40902
40904,Dreadking IV: Hunt,cleared:40903
40905,Dreadking V: Hunt,cleared:40904
40906,Dreadking VI: Hunt,cleared:40905
40907,Dreadking VII: Capture,cleared:40906
40908,Dreadking VIII: Hunt,cleared:40907
40909,Dreadking IX: Hunt,cleared:40908
40910,Dreadking X: Hunt,cleared:40909
40911,Dreadking G1: Capture,cleared:40910 AND atleast:1:11352|11306|11357|11359
40912,Dreadking G2: Hunt,cleared:40911
40913,Dreadking G3: Hunt,cleared:40912
40914,Dreadking G4: Hunt,cleared:40913
40915,Dreadking G5: Hunt,cleared:40914
40916,Dreadking EX: Hunt,cleared:40915 AND hr:100
41001,Thunderlord I: Hunt,atleast:1:10609|10768
41002,Thunderlord II: Capture,cleared:41001
41003,Thunderlord III: Hunt,cleared:41002
41004,Thunderlord IV: Hunt,cleared:41003
41005,Thunderlord V: Hunt,cleared:41004
41006,Thunderlord VI: Hunt,cleared:41005
41007,Thunderlord VII: Hunt,cleared:41006
41008,Thunderlord VIII: Capture,cleared:41007
41009,Thunderlord IX: Hunt,cleared:41008
41010,Thunderlord X: Hunt,cleared:41009
41011,Thunderlord G1: Capture,cleared:41010 AND atleast:1:11308|11355
41012,Thunderlord G2: Hunt,cleared:41011
41013,Thunderlord G3: Hunt,cleared:41012
41014,Thunderlord G4: Hunt,cleared:41013
41015,Thunderlord G5: Hunt,cleared:41014
41016,Thunderlord EX: Hunt,cleared:41015 AND hr:100
41101,Grimclaw I: Hunt,atleast:1:10602|10768
41102,Grimclaw II: Capture,cleared:41101
41103,Grimclaw III: Hunt,cleared:41102
41104,Grimclaw IV: Hunt,cleared:41103
41105,Grimclaw V: Hunt,cleared:41104
41106,Grimclaw VI: Hunt,cleared:41105
41107,Grimclaw VII: Hunt,cleared:41106
41108,Grimclaw VIII: Capture,cleared:41107
41109,Grimclaw IX: Hunt,cleared:41108
41110,Grimclaw X: Hunt,cleared:41109
41111,Grimclaw G1: Capture,cleared:41110 AND atleast:1:11405|11462
41112,Grimclaw G2: Hunt,cleared:41111
41113,Grimclaw G3: Hunt,cleared:41112
41114,Grimclaw G4: Hunt,cleared:41113
41115,Grimclaw G5: Hunt,cleared:41114
41116,Grimclaw EX: Hunt,cleared:41115 AND hr:100
41201,Hellblade I: Hunt,atleast:1:10613|10617|10768
41202,Hellblade II: Capture,cleared:41201
41203,Hellblade III: Hunt,cleared:41202
41204,Hellblade IV: Hunt,cleared:41203
41205,Hellblade V: Hunt,cleared:41204
41206,Hellblade VI: Hunt,cleared:41205
41207,Hellblade VII: Hunt,cleared:41206
41208,Hellblade VIII: Capture,cleared:41207
41209,Hellblade IX: Hunt,cleared:41208
41210,Hellblade X: Hunt,cleared:41209
41211,Hellblade G1: Capture,cleared:41210 AND atleast:1:11467
41212,Hellblade G2: Hunt,cleared:41211
41213,Hellblade G3: Hunt,cleared:41212
41214,Hellblade G4: Hunt,cleared:41213
41215,Hellblade G5: Hunt,cleared:41214
41216,Hellblade EX: Hunt,cleared:41215 AND hr:100
41311,Nightcloak G1: Capture,atleast:1:11206|11235|11348
41312,Nightcloak G2: Hunt,cleared:41311
41313,Nightcloak G3: Hunt,cleared:41312
41314,Nightcloak G4: Hunt,cleared:41313
41315,Nightcloak G5: Hunt,cleared:41314
41316,Nightcloak EX: Hunt,cleared:41315 AND hr:100
41411,Rustrazor G1: Capture,atleast:1:11214|11250
41412,Rustrazor G2: Hunt,cleared:41411
41413,Rustrazor G3: Hunt,cleared:41412
41414,Rustrazor G4: Hunt,cleared:41413
41415,Rustrazor G5: Hunt,cleared:41414
41416,Rustrazor EX: Hunt,cleared:41415 AND hr:100
41511,Soulseer G1: Capture,atleast:1:11310|11356
41512,Soulseer G2: Hunt,cleared:41511
41513,Soulseer G3: Hunt,cleared:41512
41514,Soulseer G4: Hunt,cleared:41513
41515,Soulseer G5: Hunt,cleared:41514
41516,Soulseer EX: Hunt,cleared:41515 AND hr:100
41611,Boltreaver G1: Capture,atleast:1:11311|11358
41612,Boltreaver G2: Hunt,cleared:41611
41613,Boltreaver G3: Hunt,cleared:41612
41614,Boltreaver G4: Hunt,cleared:41613
41615,Boltreaver G5: Hunt,cleared:41614
41616,Boltreaver EX: Hunt,cleared:41615 AND hr:100
41711,Elderfrost G1: Capture,atleast:1:11312|11354
41712,Elderfrost G2: Hunt,cleared:41711
41713,Elderfrost G3: Hunt,cleared:41712
41714,Elderfrost G4: Hunt,cleared:41713
41715,Elderfrost G5: Hunt,cleared:41714
41716,Elderfrost EX: Hunt,cleared:41715 AND hr:100
41811,Bloodbath G1: Hunt,flag:1226
41812,Bloodbath G2: Capture,cleared:41811
41813,Bloodbath G3: Hunt,cleared:41812
41814,Bloodbath G4: Hunt,cleared:41813
41815,Bloodbath G5: Hunt,cleared:41814
41816,Bloodbath EX: Hunt,cleared:41815 AND hr:100
30101,Hunter Training: The Basics,always
30102,Hunter Training: Combining,always
30103,Hunter Training: Mining,always
30104,Hunter Training: Fishing,always
30105,Hunter Training: Transporting,always
30106,Hunter Training: Slaying,always
30107,Hunter Training: Capturing,always
130301,Prowler Training: The Basics,always
130302,Prowler Training: Combining,always
130303,Prowler Training: Gathering,always
130304,Prowler Training: Fishing,always
130305,Prowler Training: Transporting,always
130307,Prowler Training: Slaying I,always
130308,Prowler Training: Slaying II,always
130306,Prowler Training: Capturing,always
30201,Guild Style Training,always
30202,Striker Style Training,always
30203,Aerial Style Training,always
30204,Adept Style Training,always
30205,Guild Style Training,always
30206,Striker Style Training,always
30207,Aerial Style Training,always
30208,Adept Style Training,always
30209,Guild Style Training,always
30210,Striker Style Training,always
30211,Aerial Style Training,always
30212,Adept Style Training,always
30213,Guild Style Training,always
30214,Striker Style Training,always
30215,Aerial Style Training,always
30216,Adept Style Training,always
30217,Guild Style Training,always
30218,Striker Style Training,always
30219,Aerial Style Training,always
30220,Adept Style Training,always
30221,Guild Style Training,always
30222,Striker Style Training,always
30223,Aerial Style Training,always
30224,Adept Style Training,always
30225,Guild Style Training,always
30226,Striker Style Training,always
30227,Aerial Style Training,always
30228,Adept Style Training,always
30229,Guild Style Training,always
30230,Striker Style Training,always
30231,Aerial Style Training,always
30232,Adept Style Training,always
30233,Guild Style Training,always
30234,Striker Style Training,always
30235,Aerial Style Training,always
30236,Adept Style Training,always
30237,Guild Style Training,always
30238,Striker Style Training,always
30239,Aerial Style Training,always
30240,Adept Style Training,always
30241,Guild Style Training,always
30242,Striker Style Training,always
30243,Aerial Style Training,always
30244,Adept Style Training,always
30245,Guild Style Training,always
30246,Striker Style Training,always
30247,Aerial Style Training,always
30248,Adept Style Training,always
30249,Guild Style Training,always
30250,Striker Style Training,always
30251,Aerial Style Training,always
30252,Adept Style Training,always
30253,Guild Style Training,always
30254,Striker Style Training,always
30255,Aerial Style Training,always
30256,Adept Style Training,always
30257,Valor Style Training,always
30258,Alchemy Style Training,always
30259,SP Hunter Arts Training,always
30260,Valor Style Training,always
30261,Alchemy Style Training,always
30262,SP Hunter Arts Training,always
30263,Valor Style Training,always
30264,Alchemy Style Training,always
30265,SP Hunter Arts Training,always
30266,Valor Style Training,always
30267,Alchemy Style Training,always
30268,SP Hunter Arts Training,always
30269,Valor Style Training,always
30270,Alchemy Style Training,always
30271,SP Hunter Arts Training,always
30272,Valor Style Training,always
30273,Alchemy Style Training,always
30274,SP Hunter Arts Training,always
30275,Valor Style Training,always
30276,Alchemy Style Training,always
30277,SP Hunter Arts Training,always
30278,Valor Style Training,always
30279,Alchemy Style Training,always
30280,SP Hunter Arts Training,always
30281,Valor Style Training,always
30282,Alchemy Style Training,always
30283,SP Hunter Arts Training,always
30284,Valor Style Training,always
30285,Alchemy Style Training,always
30286,SP Hunter Arts Training,always
30287,Valor Style Training,always
30288,Alchemy Style Training,always
30289,SP Hunter Arts Training,always
30290,Valor Style Training,always
30291,Alchemy Style Training,always
30292,SP Hunter Arts Training,always
30293,Valor Style Training,always
30294,Alchemy Style Training,always
30295,SP Hunter Arts Training,always
30296,Valor Style Training,always
30297,Alchemy Style Training,always
30298,SP Hunter Arts Training,always
20001,Grudge Match: Malfestio,always
20002,Grudge Match: Khezu,cleared:323
20003,Grudge Match: Najarala,cleared:422
20004,Grudge Match: Rathalos,cleared:516
20005,Grudge Match: Kecha Wacha,cleared:10408
20006,Grudge Match: Plesioth,cleared:10531
20007,Grudge Match: Brachydios,cleared:10705
20008,Grudge Match: Barioth,always
20009,Grudge Match: Yian Garuga,cleared:11209
20010,Grudge Match: Uragaan,cleared:11351
20011,Grudge Match: Seregios,always
120001,Grudge Match: Great Maccao,always
120002,Grudge Match: Gypceros,cleared:100401
120003,Grudge Match: Bird Wyverns,cleared:110601
120004,Grudge Match: Barroth,always
120005,Grudge Match: Tetsucabra,cleared:111103
120006,Grudge Match: Congalala,cleared:111201
1010005,DUMMY,
1010006,Hunter Low-rank 2,
1010007,Hunter Low-rank 3,
1010001,DUMMY,
1010002,DUMMY,
1010003,DUMMY,
1010004,A Season for Lava,
1110007,Nakayoshi: Silver Crystal,
1110008,Prowler Low-rank 2,
1110009,Prowler Low-rank 3,
1110001,CoroCoro: Lost in the Swamp,
1110002,The King of Lynians!,
1110003,Jump: Crimson Strongmen,
1110004,Initiate: Operation Moofah,
1110005,The Uniqlo Avant-garde,
1010168,Jump: The Desert Crown,
1010173,DUMMY,
1010169,DUMMY,
1010171,The Legend of Zelda: Power,
1010172,Fire Emblem: Warding Despair,
1010170,Strider: Frozen Mission,
1010174,Okami: Most Wanted,
1010175,Ghosts 'n Goblins: Seeing Red,
1010176,Hunter High-rank 9,
1010177,Hunter High-rank 10,
1010101,Crows: The Black Crows,
1010102,Yowamushi Pedal: Princess,
1010103,Baki: Biggest vs. Strongest,
1010104,CoroCoro: Rolling Bowlers,
1010105,Ushio & Tora: White Mizutsune,
1010106,Magi: Rescue from the Fall,
1010107,The Exploding Flame King,
1010108,Yu-Gi-Oh: A Beautiful Wyvern,
1010109,Jump: Boiling Magma,
1010110,Famitsu: Mizutsune Feature,
1010111,Dengeki: Turbulent Seas,
1010112,Uniqlo Shock Fest,
1010113,DUMMY,
1010114,DUMMY,
1010115,DUMMY,
1010116,DUMMY,
1010117,DUMMY,
1010118,Star Fox: Battle at Arctic Ridge,
1010119,The Three Virtues,
1010120,Metroid: Special Mission,
1010121,The Steel Vanguard,
1010122,The Voracious King,
1010123,DMC: The Seltas Queen's Cry,
1010124,Mega Man: Yellow Devil,
1010125,Capcom: Brilliant Orchestra,
1010127,Felyne Village: The Tourney,
1010128,Fan Club: Great All Stars,
1010129,Fan Club: Remobra Removal,
1010130,Capcom: White & Black,
1010131,Capcom: The Ruler's Rage,
1010133,Moonlit Tryst,
1010134,Raging Twins,
1010135,All's Hair in Glove & War,
1010137,A Golden Moon Rises,
1010138,Silver and Gold,
1010140,Secret Nibelsnarf Hunt,
1010141,The Obvious Choice...,
1010142,It Would Be a Shame If...,
1010143,Not Stepping One Foot...,
1010144,Picturesque Encounter,
1010145,Absolute Power,
1010146,A Land Draped in Fantasy,
1010147,The Formless One,
1010148,The White God Returns,
1010149,Evil Descendeth Upon Us,
1010150,Where Gods Fear to Tread,
1010151,Harbinger of Death,
1010152,No Party Poopers!,
1010153,The Five Kings of Destruction,
1010154,How It's Done,
1010155,Unbridled Rage,
1010156,Insanity and Destruction,
1010157,Volcano Item Delivery,
1010158,Anything For a Buck,
1010159,A Mammoth Mistake,
1010161,The Untamed Mountains,
1010163,The Best of the Best,
1010164,The Greatest Hunter,
1010165,Retreat Run-in,
1010166,Overcome with Awe,
1010167,The Hammer and the Pike,
1110112,Case Closed: Monster Files,
1110113,DUMMY,
1110114,Prowler High-rank 3,
1110115,Prowler High-rank 4,
1110101,CoroCoro: Big Bad Bugs,
1110102,A Hero's Return,
1110103,Mario: The White Donkey Kong?,
1110104,Animal Crossing: Picnic Day,
1110105,SF: Ultimate Entrance Exam,
1110106,Fan Club: Arena Action,
1110111,Too Hot to Handle,
1110108,Making the Cut,
1110109,Catch a Rathalos by the Tail,
1011006,Famitsu: Kecha the Scoop!,
1011007,Dengeki: Top of Old Sparky,
1011002,Kingdom: Test of the Best!,
1011003,DUMMY,
1011001,Case Closed: Desert Arrest!,
1011004,Shonen: Winged Nocturne,
1011005,Drifters: Isle of Lost Souls,
1011008,The Legend of Zelda: Courage,
1011009,DUMMY,
1011010,Into the Maw of Darkness,
1011011,Fan Club: Climbing The Ranks,
1011012,URGENT: COAL MINERS NEEDED,
1011013,Frozen Free-For-All,
1011015,Nerscylla Nightmare,
1011016,It'll Come Out in the Wash,
1011017,"""My Love is Like a Chill Wind...?""",
1011018,A Solid Argument,
1011019,Glimmers of False Hope,
1011024,Forewarned is Four-Horned,
1011020,Violence in the Verdure,
1011021,Paws Off My Fish!,
1011022,"Big, Bad 'n' Woolly",
1011023,Blade Blazing Brightly Black,
1011025,Meat is Murder,
1011026,The Cry of Chaos,
1011027,Brutal Brachydios,
1011028,Bequest Quest,
1011029,"Forget Valstrax, Big Sis is Scarier!",
1011030,"The Gloom of 1,001 Nights",
1011031,A Terrible Light,
1011032,Legitimate Soaratorium Quest,
1011033,Lord of the Volcanic Hollow,
1011034,Welcome Back To Hell,
1011035,Monster on a Crusade,
1011036,Ukanlos-Made Global Cooling,
1011037,Lao-Shan Lung Time No See,
1011039,Alatreon and Alack,
1011040,End of a Dark History,
1011041,To Slay a Legend,
1011042,Defy the Prophecy,
1011043,Monster Hunter Channel I,
1011044,Monster Hunter Channel II,
1011045,@,
1011046,@,
1011047,@,
1011048,@,
1011049,@,
1111003,CoroCoro: Fart of Darkness,
1111001,Baki: Deadly Claws,
1111002,WORST: Skull Motif,
1111007,DUMMY,
1111006,The Legend of Zelda: Wisdom,
1111004,Turnabout Takedown,
1111005,Capcom: Prowler's Spirit,
1111008,@,
1111009,@,
1111010,@,
1111011,@,
1111012,@,
1111013,@,
1111014,Prowler G-rank Quest 7,
1111015,Prowler G-rank Quest 8,
1020015,XX Trials: Dreadqueen,
1020016,XX Trials: Thunderlord,
1020017,XX Trials: Silverwind,
1020018,XX Trials: Dreadking,
1020019,XX Trials: Grimclaw,
1020020,XX Trials: Gravios,
1020021,XX Trials: Elderfrost,
1020022,XX Trials: Hunt-a-thon I,
1020023,XX Trials: Hunt-a-thon II,
1020024,XX Trials: Stonefist,
1020025,XX Trials: Drilltusk,
1020026,XX Trials: Redhelm,
1020027,XX Trials: Deadeye,
1020028,XX Trials: Snowbaron,
1020029,XX Trials: Hunt-a-thon III,
1020030,@,
1020001,Event: Slay a Mizutsune,
1020002,Event: Slay a Glavenus,
1020003,Event: Slay a Gammoth,
1020004,Event: Slay an Astalos,
1020005,Event: Slay a Lagiacrus,
1020006,Event: Hunt-a-thon 1,
1020007,Event: Hunt-a-thon 2,
1020008,Event: Hunt-a-thon 3,
1020009,Event: Slay a Zinogre,
1020010,Event: Slay a Gore Magala,
1020011,Event: Slay a Tigrex,
1020012,Event: Slay a Rathalos,
1020013,Event: Slay a Nargacuga,
1020014,Event: Hunt-a-thon 4,
1120007,XX Trials: Rathalos,
1120008,XX Trials: Tigrex,
1120009,XX Trials: Nargacuga,
1120010,XX Trials: Zinogre,
1120011,XX Trials: Brachydios,
1120012,XX Trials: Hunt-a-thon IV,
1120013,Quest Template,
1120001,Event: Slay a Volvidon,
1120002,Event: Slay a Royal Ludroth,
1120003,Event: Slay a Lagombi,
1120004,Event: Slay a Yian Kut-Ku,
1120005,Event: Slay an Arzuros,
1120006,Event: Hunt-a-thon 5,
