index,byte,bit,quest_id,category,prowler,rank,name,group,alt,expansion,notes
1,0,1,101,Village,no,1,Find the Ferns,1,0,0,
2,0,2,102,Village,no,1,Due for Dragon Amber,0,0,0,
3,0,3,103,Village,no,1,Medicinal Moths,0,0,0,
4,0,4,104,Village,no,1,Horns o' Plenty,0,0,0,
5,0,5,105,Village,no,1,A Fungal Hunt,1,0,0,
6,0,6,106,Village,no,1,Wipe Out!,1,0,0,
7,0,7,107,Village,no,1,Another Pack Attack,1,0,0,
8,1,0,201,Village,no,2,Harvest Tour: Jurassic Frontier,0,0,0,
9,1,1,202,Village,no,2,Harvest Tour: Dunes,0,0,0,
10,1,2,203,Village,no,2,Harvest Tour: Verdant Hills,0,0,0,
11,1,3,204,Village,no,2,Harvest Tour: Arctic Ridge,0,0,0,
12,1,4,205,Village,no,2,Harvest Tour: Misty Peaks,0,0,0,
13,1,5,206,Village,no,2,Vaulting Outlaw,25,0,0,
14,1,6,207,Village,no,2,Rambunctious Rhenoplos,2,0,0,
15,1,7,208,Village,no,2,On the Rebound,0,0,0,
16,2,0,209,Village,no,2,A Berry Good Idea,0,0,0,
17,2,1,210,Village,no,2,A Fern is Forever,0,0,0,
18,2,2,211,Village,no,2,Jurassic Frontier Accounting,0,0,0,
19,2,3,212,Village,no,2,Gendrome Roadblock,2,0,0,
20,2,4,213,Village,no,2,The Land Sharq,2,0,0,
21,2,5,214,Village,no,2,Slay the Genprey!,0,0,0,
22,2,6,215,Village,no,2,Hermit Grab,2,0,0,
23,2,7,216,Village,no,2,Birthday Berries,0,0,0,
24,3,0,217,Village,no,2,Liver of Legend!,0,0,0,
25,3,1,218,Village,no,2,Dunes Accounting,0,0,0,
26,3,2,219,Village,no,2,Hunt Down the Velocidrome!,0,0,0,
27,3,3,220,Village,no,2,Slay the Velociprey!,0,0,0,
28,3,4,221,Village,no,2,Bullfango Tango,0,0,0,
29,3,5,222,Village,no,2,Prime Premium Sashimi,0,0,0,
30,3,6,223,Village,no,2,Verdant Hills Accounting,0,0,0,
31,3,7,224,Village,no,2,The Mountain Roughrider,0,0,0,
32,4,0,225,Village,no,2,Slay the Giaprey!,0,0,0,
33,4,1,226,Village,no,2,A Pack of Blangos,0,0,0,
34,4,2,227,Village,no,2,Medicinal Mountain Herbs,0,0,0,
35,4,3,228,Village,no,2,Arctic Ridge Accounting,0,0,0,
36,4,4,229,Village,no,2,Arzuros the Azure Beast,0,0,0,
37,4,5,230,Village,no,2,Bye Bye Jaggia,0,0,0,
38,4,6,231,Village,no,2,Howling Harassment,0,0,0,
39,4,7,232,Village,no,2,Fungal Fad,0,0,0,
40,5,0,233,Village,no,2,Sunsnug Sprout Courier,0,0,0,
41,5,1,234,Village,no,2,Misty Peaks Accounting,0,0,0,
42,5,2,301,Village,no,3,Harvest Tour: Deserted Island,0,0,0,
43,5,3,302,Village,no,3,Harvest Tour: Marshlands,0,0,0,
44,5,4,303,Village,no,3,Tusked Tantrum,26,0,0,
45,5,5,304,Village,no,3,Stomping Grounds,3,0,0,
46,5,6,305,Village,no,3,Chasing Tail,0,0,0,
47,5,7,306,Village,no,3,Jurassic Treasure: The Frog,0,0,0,
48,6,0,307,Village,no,3,Bit by the Fashion Bug,0,0,0,
49,6,1,308,Village,no,3,Tumultuous Sprouts,47,1,0,
50,6,2,309,Village,no,3,Tumultuous Sprouts,48,1,0,
51,6,3,310,Village,no,3,Fishy Favor,0,0,0,
52,6,4,311,Village,no,3,Crustacean Frustration,3,0,0,
53,6,5,312,Village,no,3,The Desert Gourmand,3,0,0,
54,6,6,313,Village,no,3,Konchu Collector,0,0,0,
55,6,7,314,Village,no,3,Cancer of the Dunes,0,0,0,
56,7,0,315,Village,no,3,Deliver the Liver,0,0,0,
57,7,1,316,Village,no,3,Farming Frustrations,0,0,0,
58,7,2,317,Village,no,3,Financial Focus on Fungus,0,0,0,
59,7,3,318,Village,no,3,Local Threat,0,0,0,
60,7,4,319,Village,no,3,Into the Wyvern's Den,49,2,0,
61,7,5,320,Village,no,3,Into the Wyvern's Den,50,2,0,
62,7,6,321,Village,no,3,Snow with Occasional Lagombi,0,0,0,
63,7,7,322,Village,no,3,Anteka Anticipation,0,0,0,
64,8,0,323,Village,no,3,The Shadow in the Mountains,0,0,0,
65,8,1,324,Village,no,3,No Go on the Popo,51,3,0,
66,8,2,325,Village,no,3,No Go on the Popo,52,3,0,
67,8,3,326,Village,no,3,Bully the Bullfango,0,0,0,
68,8,4,327,Village,no,3,For Whom the Egg Yolks,0,0,0,
69,8,5,328,Village,no,3,Royal Spit Take,0,0,0,
70,8,6,329,Village,no,3,A Forest Fracas,53,4,0,
71,8,7,330,Village,no,3,A Forest Fracas,54,4,0,
72,9,0,331,Village,no,3,Royal Honey Hunt,0,0,0,
73,9,1,332,Village,no,3,Current Events,3,0,0,
74,9,2,333,Village,no,3,The Crabbiest Catch,0,0,0,
75,9,3,334,Village,no,3,Pack Woes,0,0,0,
76,9,4,335,Village,no,3,The Fungus Among Us,0,0,0,
77,9,5,336,Village,no,3,Moofah Must-haves,0,0,0,
78,9,6,337,Village,no,3,Deserted Island Accounting,0,0,0,
79,9,7,338,Village,no,3,Sunsnug Isle Rescue!,0,0,0,
80,10,0,339,Village,no,3,Robbed Blind,3,0,0,
81,10,1,340,Village,no,3,Pest Control,0,0,0,
82,10,2,341,Village,no,3,Travelers in Trouble,0,0,0,
83,10,3,342,Village,no,3,Royal Rhinos Gone Wild,0,0,0,
84,10,4,343,Village,no,3,Marshlands Accounting,0,0,0,
85,10,5,401,Village,no,4,Harvest Tour: Volcano,0,0,0,
86,10,6,402,Village,no,4,The Nocturnal Enchanter,27,0,0,
87,10,7,403,Village,no,4,Wyvern of the Wind,0,0,0,
88,11,0,404,Village,no,4,Jurassic Treasure: The Bug,0,0,0,
89,11,1,405,Village,no,4,Unlock the Secret to...,0,0,0,
90,11,2,406,Village,no,4,A Unique Cuppa,0,0,0,
91,11,3,407,Village,no,4,Hunt-a-thon: Gendrome,0,0,0,
92,11,4,408,Village,no,4,Mining: The Final Frontier,0,0,0,
93,11,5,409,Village,no,4,Wrath of the Rathian,4,0,0,
94,11,6,410,Village,no,4,Noise Violation,0,0,0,
95,11,7,411,Village,no,4,Hunt-a-thon: Yian Kut-Ku,0,0,0,
96,12,0,412,Village,no,4,Hunt-a-thon: Velocidrome,0,0,0,
97,12,1,413,Village,no,4,The New Tenant,0,0,0,
98,12,2,414,Village,no,4,Lagombi Lair,0,0,0,
99,12,3,415,Village,no,4,Hungry Eyes,4,0,0,
100,12,4,416,Village,no,4,Royal Pains,0,0,0,
101,12,5,417,Village,no,4,Peddling Practice,0,0,0,
102,12,6,418,Village,no,4,Island Menace,0,0,0,
103,12,7,419,Village,no,4,Deviled Legs,0,0,0,
104,13,0,420,Village,no,4,Hunt-a-thon: Daimyo Hermitaur,0,0,0,
105,13,1,421,Village,no,4,Marshlands Mission,0,0,0,
106,13,2,422,Village,no,4,Serpentine Samba,4,0,0,
107,13,3,423,Village,no,4,Lurkin' in the Murk,4,0,0,
108,13,4,424,Village,no,4,Crustacean Infestation,0,0,0,
109,13,5,425,Village,no,4,Tumbling Troublemaker,0,0,0,
110,13,6,426,Village,no,4,Crustacean Infatuation,4,0,0,
111,13,7,427,Village,no,4,Rocking the Uroktor,0,0,0,
112,14,0,428,Village,no,4,Great Ore Discovery,0,0,0,
113,14,1,429,Village,no,4,Volcano Accounting,0,0,0,
114,14,2,501,Village,no,5,The Dark Age,28,0,0,
115,14,3,502,Village,no,5,Trifecta of Terror,0,0,0,
116,14,4,503,Village,no,5,Garuga of the Hills,0,0,0,
117,14,5,504,Village,no,5,The Thunderclaw Wyvern,0,0,0,
118,14,6,505,Village,no,5,Fungus Fetch,0,0,0,
119,14,7,506,Village,no,5,Two Roars in the Snow,0,0,0,
120,15,0,507,Village,no,5,Hunt-a-thon: Khezu,0,0,0,
121,15,1,508,Village,no,5,The Unwavering Colossus,0,0,0,
122,15,2,509,Village,no,5,Lagiacrus Fuss,0,0,0,
123,15,3,510,Village,no,5,The Entrancing Water Dancer,0,0,0,
124,15,4,511,Village,no,5,The Fisherman's Fiend,5,0,0,
125,15,5,512,Village,no,5,Island Heat,0,0,0,
126,15,6,513,Village,no,5,Double Vision,0,0,0,
127,15,7,514,Village,no,5,Hunt-a-thon: Gypceros,0,0,0,
128,16,0,515,Village,no,5,Behind Closed Ores,0,0,0,
129,16,1,516,Village,no,5,"A King, Robed in Smoke",5,0,0,
130,16,2,517,Village,no,5,Fight or Uragaan!,5,0,0,
131,16,3,518,Village,no,5,Great Knuckleballs o' Fire!,0,0,0,
132,16,4,519,Village,no,5,Hunt-a-thon: Iodrome,0,0,0,
133,16,5,520,Village,no,5,Envoy to Disaster,0,0,0,
134,16,6,521,Village,no,5,A Late Jurassic Excursion,0,0,0,
135,16,7,522,Village,no,5,A Sandy Battle Royale,0,0,0,
136,17,0,523,Village,no,5,Scientific Method,0,0,0,
137,17,1,601,Village,no,6,The Scorching Blade,29,0,0,
138,17,2,602,Village,no,6,"Dark Wings, Dark Work",6,0,0,
139,17,3,603,Village,no,6,Tuff Turf,6,0,0,
140,17,4,604,Village,no,6,From Beyond the Sands,0,0,0,
141,17,5,605,Village,no,6,Tigrex by the Tail,6,0,0,
142,17,6,606,Village,no,6,A Thousand Scales of Dread,6,0,0,
143,17,7,607,Village,no,6,The Perilous Pair,0,0,0,
144,18,0,608,Village,no,6,The Hero's Journey,0,0,0,
145,18,1,609,Village,no,6,The Bellowing Zinogre,0,0,0,
146,18,2,610,Village,no,6,Brachydios Mio!,6,0,0,
147,18,3,611,Village,no,6,Under the Gaze of Heaven,0,0,0,
148,18,4,612,Village,no,6,Break the Brachydios,0,0,0,
149,18,5,613,Village,no,6,Night Terrors,0,0,0,
150,18,6,614,Village,no,6,Bristly Fanged Beasts,0,0,0,
151,18,7,615,Village,no,6,Drawing the Waterline,0,0,0,
152,19,0,616,Village,no,6,The Cankerous Quagmire,0,0,0,
153,19,1,617,Village,no,6,Volcano Triple Play,0,0,0,
154,19,2,618,Village,no,6,It's Electric,0,0,0,
155,19,3,619,Village,no,6,The White Brute,0,0,0,
156,19,4,620,Village,no,6,Stop the Wheel,29,0,0,
157,19,5,621,Village,no,6,The Fated Four,0,0,0,
158,19,6,622,Village,no,6,Advanced: Fungus Fetchin',0,0,0,
159,19,7,623,Village,no,6,Advanced: Jurassic Treasure,0,0,0,
160,20,0,624,Village,no,6,Advanced: Sly Swooper,0,0,0,
161,20,1,625,Village,no,6,Advanced: Invoking Rath,0,0,0,
162,20,2,626,Village,no,6,Advanced: Seismic Scares,0,0,0,
163,20,3,627,Village,no,6,Advanced: Twinkle Toes,0,0,0,
164,20,4,628,Village,no,6,Advanced: Seltas Queen,0,0,0,
165,20,5,629,Village,no,6,Advanced: The Goliaths,0,0,0,
166,20,6,630,Village,no,6,Advanced: Barrage of Blue,0,0,0,
167,20,7,631,Village,no,6,Advanced: Seeing Red,0,0,0,
168,21,0,632,Village,no,6,Advanced: Nothing is Sacred,0,0,0,
169,21,1,633,Village,no,6,Advanced: Snowtal Recall,0,0,0,
170,21,2,634,Village,no,6,Advanced: Invisible Thief,0,0,0,
171,21,3,635,Village,no,6,Advanced: Teostra's Return,0,0,0,
172,21,4,636,Village,no,6,Advanced: Might is Right,0,0,0,
173,21,5,637,Village,no,6,Advanced: State in Flux,0,0,0,
174,21,6,638,Village,no,6,Advanced: The Field's a Stage,0,0,0,
175,21,7,639,Village,no,6,Advanced: Wrath of Rath,0,0,0,
176,22,0,640,Village,no,6,Advanced: The Golden Pair,0,0,0,
177,22,1,641,Village,no,6,Advanced: Out of the Fry Pan,0,0,0,
178,22,2,702,Village,no,7,Harvest Tour: Ruined Pinnacle,0,0,1,
179,22,3,701,Village,no,7,Harvest Tour: Desert,0,0,1,
180,22,4,721,Village,no,7,Harvest Tour: Ancestral Steppe,0,0,1,
181,22,5,722,Village,no,7,Harvest Tour: Primal Forest,0,0,1,
182,22,6,723,Village,no,7,Harvest Tour: Jurassic Frontier,0,0,1,
183,22,7,724,Village,no,7,Harvest Tour: Dunes,0,0,1,
184,23,0,725,Village,no,7,Harvest Tour: Verdant Hills,0,0,1,
185,23,1,726,Village,no,7,Harvest Tour: Arctic Ridge,0,0,1,
186,23,2,727,Village,no,7,Harvest Tour: Misty Peaks,0,0,1,
187,23,3,728,Village,no,7,Defiant Maccao,0,0,1,
188,23,4,704,Village,no,7,Azure Azure Can Be,0,0,1,
189,23,5,706,Village,no,7,Kut-Ku Misunderstood,0,0,1,
190,23,6,713,Village,no,7,Research Team's First Rodeo,30,0,1,
191,23,7,714,Village,no,7,"Ruined Pinnacle, RUINED",0,0,1,
192,24,0,715,Village,no,7,Brave New Ore,7,0,1,
193,24,1,730,Village,no,7,Husk Hunter,7,0,1,
194,24,2,729,Village,no,7,Wyvern Egg Delivery: Breakfast,0,0,1,
195,24,3,711,Village,no,7,Fashion Victim,7,0,1,
196,24,4,717,Village,no,7,A Friend in Need,7,0,1,
197,24,5,718,Village,no,7,March of the Genprey,0,0,1,
198,24,6,719,Village,no,7,On Burrowed Time,0,0,1,
199,24,7,720,Village,no,7,A Berry Dubious Idea,0,0,1,
200,25,0,703,Village,no,7,Bug Appétit Encore,7,0,1,
201,25,1,707,Village,no,7,Enough Monkeying Around,0,0,1,
202,25,2,709,Village,no,7,Poisoned for Action,7,0,1,
203,25,3,710,Village,no,7,Spit It Out,7,0,1,
204,25,4,733,Village,no,7,Eau de Congalala,0,0,1,
205,25,5,734,Village,no,7,Bag a Barroth!,0,0,1,
206,25,6,732,Village,no,7,Dune the Honors,0,0,1,
207,25,7,735,Village,no,7,Verdant Hills Horror,0,0,1,
208,26,0,705,Village,no,7,Investment Flanking,7,0,1,
209,26,1,708,Village,no,7,The Killer Rabbit of Arctic Ridge,0,0,1,
210,26,2,716,Village,no,7,Taking Royal Liberties,7,0,1,
211,26,3,736,Village,no,7,Season's Eatings,0,0,1,
212,26,4,801,Village,no,8,Harvest Tour: Jungle,0,0,1,
213,26,5,820,Village,no,8,Harvest Tour: Frozen Seaway,0,0,1,
214,26,6,821,Village,no,8,Harvest Tour: Volcanic Hollow,0,0,1,
215,26,7,822,Village,no,8,Harvest Tour: Deserted Island,0,0,1,
216,27,0,823,Village,no,8,Harvest Tour: Marshlands,0,0,1,
217,27,1,824,Village,no,8,Harvest Tour: Volcano,0,0,1,
218,27,2,803,Village,no,8,Dazed and Confused,0,0,1,
219,27,3,807,Village,no,8,Grapes of Rathian,8,0,1,
220,27,4,809,Village,no,8,Airship Upgrade: Plesioth,8,0,1,
221,27,5,812,Village,no,8,Naked Aggression,0,0,1,
222,27,6,825,Village,no,8,Mushroom for Improvement,0,0,1,
223,27,7,826,Village,no,8,I See It Rollin'...,0,0,1,
224,28,0,808,Village,no,8,It's Gonna Eat Me!,8,0,1,
225,28,1,814,Village,no,8,Airship Upgrade: Nargacuga,8,0,1,
226,28,2,815,Village,no,8,"Wrong Bird, Idiots...",0,0,1,
227,28,3,816,Village,no,8,A Trace of Light,0,0,1,
228,28,4,817,Village,no,8,Shell Game,0,0,1,
229,28,5,828,Village,no,8,Wyvern Egg Delivery: Lunch,0,0,1,
230,28,6,829,Village,no,8,My New Life as a Maccao,0,0,1,
231,28,7,806,Village,no,8,Primal Forest Arachnids,31,0,1,
232,29,0,830,Village,no,8,Much Ado about Najarala,0,0,1,
233,29,1,804,Village,no,8,Bloof!,8,0,1,
234,29,2,831,Village,no,8,A Seaway Just for You,0,0,1,
235,29,3,832,Village,no,8,A Cure for Laziness,8,0,1,
236,29,4,833,Village,no,8,The Furtilizer That Time Furgot,0,0,1,
237,29,5,834,Village,no,8,Just Deserts,0,0,1,
238,29,6,813,Village,no,8,The Perils of Commerce,0,0,1,
239,29,7,805,Village,no,8,Khezu Deserve It,0,0,1,
240,30,0,810,Village,no,8,Whiteout,0,0,1,
241,30,1,835,Village,no,8,Fishing's Lure,0,0,1,
242,30,2,836,Village,no,8,A Royal Rumble,0,0,1,
243,30,3,837,Village,no,8,The Way of the Nargacuga,0,0,1,
244,30,4,838,Village,no,8,Deserted Island Missive,0,0,1,
245,30,5,802,Village,no,8,Perfectly Normal Rock,8,0,1,
246,30,6,839,Village,no,8,Marshlands Horror Story,0,0,1,
247,30,7,811,Village,no,8,Airship Upgrade: Lavasioth,8,0,1,
248,31,0,818,Village,no,8,"It's Not Uragaan's, It's Mine!",0,0,1,
249,31,1,840,Village,no,8,Volcanic Vexations,0,0,1,
250,31,2,917,Village,no,9,Rathalos Topping,9,0,1,
251,31,3,918,Village,no,9,Taming of the Zinogre,0,0,1,
252,31,4,919,Village,no,9,Ore d'Oeuvres,0,0,1,
253,31,5,916,Village,no,9,Ruined and Tarnished,9,0,1,
254,31,6,920,Village,no,9,Desert Death Duel,0,0,1,
255,31,7,914,Village,no,9,Fearful Symmetry,0,0,1,
256,32,0,902,Village,no,9,The Fly in the Ointment,0,0,1,
257,32,1,904,Village,no,9,Lagiacrus x Width x Height,0,0,1,
258,32,2,905,Village,no,9,Whatdunnit,9,0,1,
259,32,3,921,Village,no,9,Soap Opera,0,0,1,
260,32,4,922,Village,no,9,Mt. Duramboros,0,0,1,
261,32,5,923,Village,no,9,A Jungle Just for You,0,0,1,
262,32,6,924,Village,no,9,Flappy Pest,0,0,1,
263,32,7,925,Village,no,9,Pheromone Moans,0,0,1,
264,33,0,926,Village,no,9,Primal Panic,0,0,1,
265,33,1,927,Village,no,9,Distress Signal,0,0,1,
266,33,2,901,Village,no,9,Airship Upgrade: Barioth,9,0,1,
267,33,3,928,Village,no,9,Snow Joke,0,0,1,
268,33,4,929,Village,no,9,Ruler of the Frozen Seaway,9,0,1,
269,33,5,930,Village,no,9,An Ice Surprise,0,0,1,
270,33,6,903,Village,no,9,You're under a Rath,0,0,1,
271,33,7,931,Village,no,9,Capture the Agnaktor,0,0,1,
272,34,0,910,Village,no,9,"Great, Glavenus Again",9,0,1,
273,34,1,932,Village,no,9,Desert Double Act,0,0,1,
274,34,2,908,Village,no,9,"Alas, Astalos Again",9,0,1,
275,34,3,933,Village,no,9,Interruption: Eggstra Delivery,0,0,1,
276,34,4,934,Village,no,9,Once upon a Barioth,0,0,1,
277,34,5,909,Village,no,9,"Groan, Gammoth Again",9,0,1,
278,34,6,935,Village,no,9,Snowball Skirmish,0,0,1,
279,34,7,907,Village,no,9,"Man, Mizutsune Again?",9,0,1,
280,35,0,936,Village,no,9,Sky Tribe: Rice to the Occasion,0,0,1,
281,35,1,906,Village,no,9,Wish upon a...Gravios?,32,0,1,
282,35,2,913,Village,no,9,Earn Your Gear,0,0,1,
283,35,3,911,Village,no,9,You Had One Job,0,0,1,
284,35,4,938,Village,no,9,Disaster on the Steppes,0,0,1,
285,35,5,939,Village,no,9,Jurassic Frontier Fracas,0,0,1,
286,35,6,940,Village,no,9,Just a Mirage...?,0,0,1,
287,35,7,941,Village,no,9,Trouble Comes in Threes,0,0,1,
288,36,0,915,Village,no,9,Impossible Standards,0,0,1,
289,36,1,937,Village,no,9,My Kirin for a Horse,0,0,1,
290,36,2,1005,Village,no,10,Beware the Comet of Disaster,33,5,1,
291,36,3,1053,Village,no,10,Beware the Comet of Disaster,0,5,1,
292,36,4,1022,Village,no,10,The Baleful Comet,0,0,1,
293,36,5,1021,Village,no,10,Turn That Frown Upside Down,0,0,1,
294,36,6,1020,Village,no,10,An Almost-Certainly-Fine Comet,0,0,1,
295,36,7,1031,Village,no,10,Deviljho Dispossession,0,0,1,
296,37,0,1001,Village,no,10,Thousand-Blade Brouhaha,10,0,1,
297,37,1,1002,Village,no,10,Duel With the Devil,10,0,1,
298,37,2,1006,Village,no,10,Roar of the Rajang,10,0,1,
299,37,3,1054,Village,no,10,Wyvern Egg Delivery: Dinner,0,0,1,
300,37,4,1032,Village,no,10,"Red Dragon, Green Dragon",0,0,1,
301,37,5,1033,Village,no,10,Primal Panic,0,0,1,
302,37,6,1034,Village,no,10,A Cure for Idleness,0,0,1,
303,37,7,1003,Village,no,10,Bad Hair Day: Brachydios,10,0,1,
304,38,0,1035,Village,no,10,Bring Me My Sword,0,0,1,
305,38,1,1036,Village,no,10,Horned and Dangerous,0,0,1,
306,38,2,1007,Village,no,10,Deviljho Food Cake,10,0,1,
307,38,3,1037,Village,no,10,Barioth's Blizzard,0,0,1,
308,38,4,1038,Village,no,10,Bag a Brachydios,0,0,1,
309,38,5,1004,Village,no,10,Wheel of Time,10,0,1,
310,38,6,1046,Village,no,10,Coalition of Chaos,0,0,1,
311,38,7,1047,Village,no,10,Verdant Hills Just for You,0,0,1,
312,39,0,1048,Village,no,10,Misty Peaks Missive,0,0,1,
313,39,1,1049,Village,no,10,Deserted Islands Horror,0,0,1,
314,39,2,1050,Village,no,10,The Marshlands Morass,0,0,1,
315,39,3,1049,Village,no,10,Deserted Islands Horror,0,0,1,duplicate ID; the game reads the first occurrence only
316,39,4,1050,Village,no,10,The Marshlands Morass,0,0,1,duplicate ID; the game reads the first occurrence only
317,39,5,1026,Village,no,10,Grave Peril,33,0,1,
318,39,6,1017,Village,no,10,King of Hellfire,33,0,1,
319,39,7,1018,Village,no,10,The Seat of a God,33,0,1,
320,40,0,1019,Village,no,10,Stormlord,33,0,1,
321,40,1,1039,Village,no,10,Blazing Black of a Dark God,33,0,1,
322,40,2,1040,Village,no,10,Advanced: Ranging Rathalos,0,0,1,
323,40,3,1041,Village,no,10,Advanced: Roaring in the Ridge,0,0,1,
324,40,4,1042,Village,no,10,Advanced: Moonlight Zinogre,0,0,1,
325,40,5,1012,Village,no,10,Advanced: Wrong One Silver,0,0,1,
326,40,6,1013,Village,no,10,Advanced: Heart of Gold,0,0,1,
327,40,7,1044,Village,no,10,Advanced: Trial at the Pinnacle,0,0,1,
328,41,0,1009,Village,no,10,Advanced: Steel Yourself,0,0,1,
329,41,1,1045,Village,no,10,Advanced: Karma Chameleos,0,0,1,
330,41,2,1011,Village,no,10,Advanced: Empire of the Sun,0,0,1,
331,41,3,1051,Village,no,10,Advanced: Jurassic Pair,0,0,1,
332,41,4,1052,Village,no,10,Advanced: Quarrel Quelling,0,0,1,
333,41,5,1027,Village,no,10,Advanced: Monster Hunter!,0,0,1,
334,41,6,1028,Village,no,10,Advanced: Proof of a Champion,0,0,1,
335,41,7,1029,Village,no,10,Advanced: Wycademy Challenge,0,0,1,
336,42,0,1030,Village,no,10,Advanced: Guild's Greatest Hit,0,0,1,
337,42,1,1055,Village,no,10,Advanced: Ultimate Generation,0,0,1,
338,42,2,10101,Hub,no,1,Harvest Tour: Jurassic Frontier,0,0,0,
339,42,3,10102,Hub,no,1,Harvest Tour: Dunes,0,0,0,
340,42,4,10103,Hub,no,1,Harvest Tour: Verdant Hills,0,0,0,
341,42,5,10104,Hub,no,1,Harvest Tour: Arctic Ridge,0,0,0,
342,42,6,10105,Hub,no,1,Harvest Tour: Misty Peaks,0,0,0,
343,42,7,10106,Hub,no,1,Boot to the Head,0,0,0,
344,43,0,10107,Hub,no,1,Tackling the Tetsucabra,11,0,0,
345,43,1,10108,Hub,no,1,Lost in the Jurassic Frontier,11,0,0,
346,43,2,10109,Hub,no,1,Red-Faced Ruffians,0,0,0,
347,43,3,10110,Hub,no,1,A Fern is Forever,0,0,0,
348,43,4,10111,Hub,no,1,Gendrome Roadblock,0,0,0,
349,43,5,10112,Hub,no,1,In Pursuit of the Sand Wyvern,0,0,0,
350,43,6,10113,Hub,no,1,Shells of Steel,0,0,0,
351,43,7,10114,Hub,no,1,Hermitaur Party,0,0,0,
352,44,0,10115,Hub,no,1,Ingredient Hunter,0,0,0,
353,44,1,10116,Hub,no,1,Hunt Down the Velocidrome!,0,0,0,
354,44,2,10117,Hub,no,1,Local Threat,11,0,0,
355,44,3,10118,Hub,no,1,Financial Focus on Fungus,0,0,0,
356,44,4,10119,Hub,no,1,Farming Frustrations,0,0,0,
357,44,5,10120,Hub,no,1,Snow with Occasional Lagombi,11,0,0,
358,44,6,10121,Hub,no,1,Preying on Giaprey,0,0,0,
359,44,7,10122,Hub,no,1,Special Home Brew,0,0,0,
360,45,0,10123,Hub,no,1,Bulldrome of the Peaks,0,0,0,
361,45,1,10124,Hub,no,1,The Ingredient of Legend,0,0,0,
362,45,2,10125,Hub,no,1,Royal Spit Take,11,0,0,
363,45,3,10126,Hub,no,1,A Mother's Woes,0,0,0,
364,45,4,10127,Hub,no,1,Jaggi Junket,0,0,0,
365,45,5,10128,Hub,no,1,The Next Best Thing,0,0,0,
366,45,6,10201,Hub,no,2,Harvest Tour: Deserted Island,0,0,0,
367,45,7,10202,Hub,no,2,Harvest Tour: Marshlands,0,0,0,
368,46,0,10203,Hub,no,2,Insomnia? Meet Hypnotism,0,0,0,
369,46,1,10204,Hub,no,2,Walk 'n Roll,0,0,0,
370,46,2,10205,Hub,no,2,Rocking Rhenoplos,0,0,0,
371,46,3,10206,Hub,no,2,The Desert Gourmand,12,0,0,
372,46,4,10207,Hub,no,2,Tongue-Tied,0,0,0,
373,46,5,10208,Hub,no,2,The Poison-fanged Duo,0,0,0,
374,46,6,10209,Hub,no,2,Konchu Collector,0,0,0,
375,46,7,10210,Hub,no,2,Liver of Legend!,0,0,0,
376,47,0,10211,Hub,no,2,Noise Violation,12,0,0,
377,47,1,10212,Hub,no,2,In Search of the Yian Garuga,12,0,0,
378,47,2,10213,Hub,no,2,Finishing the Job,0,0,0,
379,47,3,10214,Hub,no,2,Fresh is Best,0,0,0,
380,47,4,10215,Hub,no,2,The Shadow in the Mountains,0,0,0,
381,47,5,10216,Hub,no,2,The New Tenant,35,0,0,
382,47,6,10217,Hub,no,2,Blango Slaying Tactics,0,0,0,
383,47,7,10218,Hub,no,2,Operation: Secure Specimen,12,0,0,
384,48,0,10219,Hub,no,2,Royal Assassination,12,0,0,
385,48,1,10220,Hub,no,2,Ahoy! Royal Ludroth!,0,0,0,
386,48,2,10221,Hub,no,2,Bye Bye Jaggia,0,0,0,
387,48,3,10222,Hub,no,2,Malfestio Festival,12,0,0,
388,48,4,10223,Hub,no,2,Wyvern of the Wind,0,0,0,
389,48,5,10224,Hub,no,2,Tetsucabra Bounty,0,0,0,
390,48,6,10225,Hub,no,2,Deserted Island Dustup,0,0,0,
391,48,7,10226,Hub,no,2,Bnahabra Bloodbath,0,0,0,
392,49,0,10227,Hub,no,2,Poisonous Pest,0,0,0,
393,49,1,10228,Hub,no,2,Pincer through the Sky,0,0,0,
394,49,2,10229,Hub,no,2,Serpentine Samba,0,0,0,
395,49,3,10230,Hub,no,2,Ioprey Hunting,0,0,0,
396,49,4,10231,Hub,no,2,Attack of the Giant Bugs!,0,0,0,
397,49,5,10232,Hub,no,2,Collect to Combine,0,0,0,
398,49,6,10301,Hub,no,3,Harvest Tour: Volcano,0,0,0,
399,49,7,10302,Hub,no,3,Flames of Glavenus Passion,0,0,0,
400,50,0,10303,Hub,no,3,Tigrex by the Tail,0,0,0,
401,50,1,10304,Hub,no,3,"Dark Wings, Dark Work",13,0,0,
402,50,2,10305,Hub,no,3,Fossilized Memories,0,0,0,
403,50,3,10306,Hub,no,3,A Thousand Scales of Dread,13,0,0,
404,50,4,10307,Hub,no,3,A Shocking Scoundrel,36,0,0,
405,50,5,10308,Hub,no,3,The King's Domain,0,0,0,
406,50,6,10309,Hub,no,3,Fury Run Afoul,13,0,0,
407,50,7,10310,Hub,no,3,Lagiacrus Lethargy,0,0,0,
408,51,0,10311,Hub,no,3,Moonlit Bubble Bath,13,0,0,
409,51,1,10312,Hub,no,3,Topple the Monarch,0,0,0,
410,51,2,10313,Hub,no,3,Lagiacrushed,0,0,0,
411,51,3,10314,Hub,no,3,Tuff Turf,0,0,0,
412,51,4,10315,Hub,no,3,Isle About that Bass,0,0,0,
413,51,5,10316,Hub,no,3,Heaven and Earth,13,0,0,
414,51,6,10317,Hub,no,3,Fro Shizzle,0,0,0,
415,51,7,10318,Hub,no,3,Bladed Glavenus,13,0,0,
416,52,0,10319,Hub,no,3,Fight or Uragaan!,0,0,0,
417,52,1,10320,Hub,no,3,The Shogun's Encampment,0,0,0,
418,52,2,10321,Hub,no,3,Crustacean Infestation,0,0,0,
419,52,3,10322,Hub,no,3,Scavengers United,0,0,0,
420,52,4,10323,Hub,no,3,More Coal Please,0,0,0,
421,52,5,10324,Hub,no,3,An Early Jurassic Excursion,0,0,0,
422,52,6,10325,Hub,no,3,Wyvern Sand Runners,0,0,0,
423,52,7,10326,Hub,no,3,"Zinogre, Bearly Fazed",0,0,0,
424,53,0,10327,Hub,no,3,Making it Safe for Swine,0,0,0,
425,53,1,10328,Hub,no,3,Rumble in the Volcano,0,0,0,
426,53,2,10329,Hub,no,3,It's Electric,0,0,0,
427,53,3,10330,Hub,no,3,The White Brute,0,0,0,
428,53,4,10331,Hub,no,3,The Frozen Dictator,0,0,0,
429,53,5,10332,Hub,no,3,The Elder Dragon of Mist,0,0,0,
430,53,6,10333,Hub,no,3,Emperor of Flame,0,0,0,
431,53,7,10334,Hub,no,3,Stop the Wheel,0,0,0,
432,54,0,10335,Hub,no,3,Two-headed Carcass,37,0,0,
433,54,1,10401,Hub,no,4,Harvest Tour: A. Steppe,0,0,0,
434,54,2,10402,Hub,no,4,Harvest Tour: Primal Forest,0,0,0,
435,54,3,10403,Hub,no,4,Harvest Tour: Jurassic Frontier,0,0,0,
436,54,4,10404,Hub,no,4,Harvest Tour: Dunes,0,0,0,
437,54,5,10405,Hub,no,4,Harvest Tour: Verdant Hills,0,0,0,
438,54,6,10406,Hub,no,4,Harvest Tour: Arctic Ridge,0,0,0,
439,54,7,10407,Hub,no,4,Harvest Tour: Misty Peaks,0,0,0,
440,55,0,10408,Hub,no,4,Swing into Action,14,0,0,
441,55,1,10409,Hub,no,4,Ruining the Ruins,0,0,0,
442,55,2,10410,Hub,no,4,Bag the Bounding Bandit,0,0,0,
443,55,3,10411,Hub,no,4,Jaggi of the Steppe,0,0,0,
444,55,4,10412,Hub,no,4,Ancestral Steppe Fungus Run,0,0,0,
445,55,5,10413,Hub,no,4,Bug Appétit,14,0,0,
446,55,6,10414,Hub,no,4,Gendrome Roadblock,0,0,0,
447,55,7,10415,Hub,no,4,Lost in the Primal Forest,0,0,0,
448,56,0,10416,Hub,no,4,Hunt Down the Velocidrome!,0,0,0,
449,56,1,10417,Hub,no,4,Poison Paralysis Pinch,0,0,0,
450,56,2,10418,Hub,no,4,Crystal Bone Collector,0,0,0,
451,56,3,10419,Hub,no,4,Hair of the Dog,0,0,0,
452,56,4,10420,Hub,no,4,Tackling the Tetsucabra,0,0,0,
453,56,5,10421,Hub,no,4,So Notable: Great Maccao,0,0,0,
454,56,6,10422,Hub,no,4,The Land Sharq,0,0,0,
455,56,7,10423,Hub,no,4,Shells of Steel,14,0,0,
456,57,0,10424,Hub,no,4,Birds of a Feather,14,0,0,
457,57,1,10425,Hub,no,4,Bullfango Brigade,0,0,0,
458,57,2,10426,Hub,no,4,Delicious White Livers,0,0,0,
459,57,3,10427,Hub,no,4,The Bulldrome Charges,0,0,0,
460,57,4,10434,Hub,no,4,Enter the Giadrome,0,0,1,
461,57,5,10428,Hub,no,4,Snow with Occasional Lagombi,0,0,0,
462,57,6,10429,Hub,no,4,Arzuros Encroaches,0,0,0,
463,57,7,10430,Hub,no,4,Royal Spit Take,0,0,0,
464,58,0,10431,Hub,no,4,Netting Neopterons,0,0,0,
465,58,1,10432,Hub,no,4,Clash of Rivals,0,0,0,
466,58,2,10433,Hub,no,4,A Powerful Team,0,0,0,
467,58,3,10501,Hub,no,5,Harvest Tour: Frozen Seaway,0,0,0,
468,58,4,10502,Hub,no,5,Harvest Tour: Volcanic Hollow,0,0,0,
469,58,5,10503,Hub,no,5,Harvest Tour: Deserted Island,0,0,0,
470,58,6,10504,Hub,no,5,Harvest Tour: Marshlands,0,0,0,
471,58,7,10505,Hub,no,5,Harvest Tour: Volcano,0,0,0,
472,59,0,10506,Hub,no,5,So Notable: Kecha Wacha,0,0,0,
473,59,1,10507,Hub,no,5,Ancestral Steppe Accounting,0,0,0,
474,59,2,10543,Hub,no,5,Pink Stink,0,0,1,
475,59,3,10508,Hub,no,5,Dragon Lady,0,0,0,
476,59,4,10509,Hub,no,5,The Ioprey Leader,0,0,0,
477,59,5,10510,Hub,no,5,The Intelligent Malfestio,15,0,0,
478,59,6,10511,Hub,no,5,Serpentine Samba,15,0,0,
479,59,7,10512,Hub,no,5,Spotted Beauty,0,0,0,
480,60,0,10513,Hub,no,5,Primal Forest Accounting,0,0,0,
481,60,1,10514,Hub,no,5,Fin Finder,15,0,0,
482,60,2,10515,Hub,no,5,The Walls Have Eyes,0,0,0,
483,60,3,10516,Hub,no,5,Must Love Lagombi,0,0,0,
484,60,4,10517,Hub,no,5,Zamite Fight,0,0,0,
485,60,5,10518,Hub,no,5,Stone-cold Stones,0,0,0,
486,60,6,10519,Hub,no,5,Liver and Let Die,0,0,0,
487,60,7,10520,Hub,no,5,Fight or Uragaan!,0,0,0,
488,61,0,10521,Hub,no,5,Worst. Trip. Ever!,15,0,0,
489,61,1,10522,Hub,no,5,Tetsucabra Bounty,0,0,0,
490,61,2,10523,Hub,no,5,Close Coal,0,0,0,
491,61,3,10524,Hub,no,5,Nargacuga Throwdown,0,0,0,
492,61,4,10525,Hub,no,5,Insomnia? Meet Hypnotism x 2,0,0,0,
493,61,5,10544,Hub,no,5,Brute of the Sands,0,0,1,
494,61,6,10526,Hub,no,5,The Desert Gourmand,0,0,0,
495,61,7,10527,Hub,no,5,Line in the Sand,0,0,0,
496,62,0,10528,Hub,no,5,Wrath of the Rathian,0,0,0,
497,62,1,10529,Hub,no,5,Twin Velocidrome,0,0,0,
498,62,2,10530,Hub,no,5,The New Tenant,0,0,0,
499,62,3,10531,Hub,no,5,A Plesioth in the Misty Peaks,38,0,0,
500,62,4,10532,Hub,no,5,Awful Guest,0,0,0,
501,62,5,10546,Hub,no,5,Web Sighting,0,0,1,
502,62,6,10533,Hub,no,5,Poisonous Pair,0,0,0,
503,62,7,10534,Hub,no,5,Attack of the Giant Bugs!,0,0,0,
504,63,0,10545,Hub,no,5,Disruptive Eruption,0,0,1,
505,63,1,10535,Hub,no,5,You Caught This? I Caught This,15,0,0,
506,63,2,10536,Hub,no,5,Tumbling Troublemaker,0,0,0,
507,63,3,10537,Hub,no,5,Shogun in the Flames,0,0,0,
508,63,4,10538,Hub,no,5,The Most Dangerous Game,0,0,0,
509,63,5,10539,Hub,no,5,Status: Effected,0,0,0,
510,63,6,10540,Hub,no,5,Desert Brawlers,0,0,0,
511,63,7,10541,Hub,no,5,The Hunter Games,0,0,0,
512,64,0,10542,Hub,no,5,"Hunt, Sweat, and Tears",0,0,0,
513,64,1,10601,Hub,no,6,The Lightning Crown,16,0,0,
514,64,2,10602,Hub,no,6,What a Girl Wants,0,0,0,
515,64,3,10603,Hub,no,6,Rathalos Run,0,0,0,
516,64,4,10604,Hub,no,6,Watch Your Steppe,0,0,0,
517,64,5,10605,Hub,no,6,Bug Buffet,16,0,0,
518,64,6,10606,Hub,no,6,A Bewitching Dance,39,0,0,
519,64,7,10607,Hub,no,6,Dread Locked,0,0,0,
520,65,0,10670,Hub,no,6,Barioth Hunt,0,0,1,
521,65,1,10608,Hub,no,6,The Unshakable Mountain God,39,0,0,
522,65,2,10609,Hub,no,6,Topple the Monarch,0,0,0,
523,65,3,10610,Hub,no,6,Bedevil a Deviljho,0,0,0,
524,65,4,10611,Hub,no,6,Frozen Seaway Accounting,0,0,0,
525,65,5,10671,Hub,no,6,A Cure for Cowardice,0,0,1,
526,65,6,10612,Hub,no,6,Master of the Molten Deep,16,0,0,
527,65,7,10613,Hub,no,6,Duel in the Volcanic Hollow,16,0,0,
528,66,0,10614,Hub,no,6,Volcanic Hollow Accounting,0,0,0,
529,66,1,10615,Hub,no,6,Bug Bite,0,0,0,
530,66,2,10616,Hub,no,6,Heaven and Earth,0,0,0,
531,66,3,10617,Hub,no,6,From Beyond the Sands,0,0,0,
532,66,4,10618,Hub,no,6,Legend of the Monkey King,0,0,0,
533,66,5,10619,Hub,no,6,Astalos Territory,0,0,0,
534,66,6,10620,Hub,no,6,Lord of the Skies,0,0,0,
535,66,7,10621,Hub,no,6,The Rajang in the Snow,0,0,0,
536,67,0,10622,Hub,no,6,Fury Run Afoul,0,0,0,
537,67,1,10623,Hub,no,6,Bl-Bl-Blangongas!,0,0,0,
538,67,2,10624,Hub,no,6,Surrounded by Bubbles,0,0,0,
539,67,3,10625,Hub,no,6,The Moving Mountain,0,0,0,
540,67,4,10626,Hub,no,6,The Fisherman's Fiend,0,0,0,
541,67,5,10627,Hub,no,6,Open Season for Jaggia,0,0,0,
542,67,6,10628,Hub,no,6,For Whom the Gong Tolls,16,0,0,
543,67,7,10629,Hub,no,6,Quartz Rivalry,0,0,0,
544,68,0,10630,Hub,no,6,We Can Dig It,0,0,0,
545,68,1,10631,Hub,no,6,Coal Hearted,0,0,0,
546,68,2,10632,Hub,no,6,River of Fire,0,0,0,
547,68,3,10633,Hub,no,6,Dances with Wyverns,0,0,0,
548,68,4,10634,Hub,no,6,Bugging Out,0,0,0,
549,68,5,10635,Hub,no,6,A Three Hour Tour,0,0,0,
550,68,6,10636,Hub,no,6,A Hollow Defense,0,0,0,
551,68,7,10637,Hub,no,6,Wild Gunman,0,0,0,
552,69,0,10638,Hub,no,6,Marshlands Rag,0,0,0,
553,69,1,10639,Hub,no,6,Firefight to the Finish!,0,0,0,
554,69,2,10640,Hub,no,6,At the Slayground,0,0,0,
555,69,3,10641,Hub,no,6,It's Electric,0,0,0,
556,69,4,10642,Hub,no,6,The White Brute,0,0,0,
557,69,5,10643,Hub,no,6,A Scenic Locale,0,0,0,
558,69,6,10644,Hub,no,6,Miasma Attack,0,0,0,
559,69,7,10645,Hub,no,6,Stop the Wacha!,0,0,0,
560,70,0,10646,Hub,no,6,We Are Not Amused,0,0,0,
561,70,1,10647,Hub,no,6,Zamtrios Fight!,0,0,0,
562,70,2,10648,Hub,no,6,The Frog of War,0,0,0,
563,70,3,10649,Hub,no,6,Triple Toady Terror,0,0,0,
564,70,4,10650,Hub,no,6,The Coal Still Burns,0,0,0,
565,70,5,10651,Hub,no,6,Woe Malfestio,0,0,0,
566,70,6,10652,Hub,no,6,Born of Darkness,0,0,0,
567,70,7,10653,Hub,no,6,Nibeling on Apples,0,0,0,
568,71,0,10654,Hub,no,6,Warning: Hyper Yian Garuga!,0,0,0,
569,71,1,10655,Hub,no,6,Hyper for Holes,0,0,0,
570,71,2,10656,Hub,no,6,The Plesioth Adventure,0,0,0,
571,71,3,10657,Hub,no,6,Daimyo of the Deserted Island,0,0,0,
572,71,4,10658,Hub,no,6,Where the Wild Manes Are,0,0,0,
573,71,5,10659,Hub,no,6,Hyper Investigation,0,0,0,
574,71,6,10660,Hub,no,6,The Khezu and the Shadow,0,0,0,
575,71,7,10661,Hub,no,6,Bring On the Shogun,0,0,0,
576,72,0,10662,Hub,no,6,Unnerving Najarala,0,0,0,
577,72,1,10663,Hub,no,6,Eruption Embodied,0,0,0,
578,72,2,10664,Hub,no,6,The Magma's Rage,0,0,0,
579,72,3,10665,Hub,no,6,Minion Audition Imposition,0,0,0,
580,72,4,10701,Hub,no,7,Stop the Wheel,17,0,0,
581,72,5,10702,Hub,no,7,A Gathering of Wyverns,17,0,0,
582,72,6,10703,Hub,no,7,A Song of White and Lapis,17,0,0,
583,72,7,10704,Hub,no,7,A Cold Set of Armor,17,0,0,
584,73,0,10705,Hub,no,7,Rocked and Rolled,17,0,0,
585,73,1,10706,Hub,no,7,So Notable: Seregios,0,0,0,
586,73,2,10707,Hub,no,7,Hammer vs. Blade,17,0,0,
587,73,3,10708,Hub,no,7,A Roar to the Heavens,0,0,0,
588,73,4,10709,Hub,no,7,The Hapless Bodyguard,0,0,0,
589,73,5,10710,Hub,no,7,Seer of Swords,40,0,0,
590,73,6,10768,Hub,no,7,Legendary Skills?,42,0,1,
591,73,7,10711,Hub,no,7,The Yukumo Gal Special,0,0,0,
592,74,0,10712,Hub,no,7,Repaying the Favor,0,0,0,
593,74,1,10713,Hub,no,7,You Bet Your Life,0,0,0,
594,74,2,10714,Hub,no,7,Wyvern's Way,0,0,0,
595,74,3,10715,Hub,no,7,Bewitching Heat,0,0,0,
596,74,4,10716,Hub,no,7,The Mountain God's Lightning,0,0,0,
597,74,5,10717,Hub,no,7,A Man's Arena is His Castle,0,0,0,
598,74,6,10718,Hub,no,7,The Hunter Games,0,0,0,
599,74,7,10719,Hub,no,7,The Flames of War,0,0,0,
600,75,0,10720,Hub,no,7,A Shocking Revelation!,0,0,0,
601,75,1,10721,Hub,no,7,The Gathering Storm,0,0,0,
602,75,2,10722,Hub,no,7,Hellfire Star,41,0,0,
603,75,3,10723,Hub,no,7,Putting the Gore in Magala,0,0,0,
604,75,4,10770,Hub,no,7,Steppe in the Right Direction,0,0,1,
605,75,5,10724,Hub,no,7,"Tigrex, Tigrex, Burning Bright",0,0,0,
606,75,6,10725,Hub,no,7,A Thousand Blades of Wrath,0,0,0,
607,75,7,10726,Hub,no,7,A Fiery Temper,0,0,0,
608,76,0,10727,Hub,no,7,The Unassailable Seltas Queen,0,0,0,
609,76,1,10771,Hub,no,7,Rajang's Black Spirit,0,0,1,
610,76,2,10728,Hub,no,7,Savage Sword of the Desert,0,0,0,
611,76,3,10729,Hub,no,7,Wyvernlit Evening,0,0,0,
612,76,4,10730,Hub,no,7,Wyverns All Around Us,0,0,0,
613,76,5,10731,Hub,no,7,"Wild Gods, Calm Rangers",0,0,0,
614,76,6,10732,Hub,no,7,Into the Maelstrom,0,0,0,
615,76,7,10733,Hub,no,7,The Lithe and Unbreaking,0,0,0,
616,77,0,10734,Hub,no,7,The Peril of the Land,0,0,0,
617,77,1,10735,Hub,no,7,The Wolf and the Footbath,0,0,0,
618,77,2,10736,Hub,no,7,The Thieving Gypceros,0,0,0,
619,77,3,10737,Hub,no,7,Steam and Smoke,0,0,0,
620,77,4,10738,Hub,no,7,The Glowing Embers,0,0,0,
621,77,5,10739,Hub,no,7,Primal Forest Defense,0,0,0,
622,77,6,10740,Hub,no,7,The End of the Trials,0,0,0,
623,77,7,10741,Hub,no,7,The Descending Fog,0,0,0,
624,78,0,10742,Hub,no,7,Searching for Secret Baths,0,0,0,
625,78,1,10743,Hub,no,7,Show Me Your Shaka-Strength,0,0,0,
626,78,2,10744,Hub,no,7,The Marshlands Nightmare,0,0,0,
627,78,3,10745,Hub,no,7,The Birds of Prey,0,0,0,
628,78,4,10746,Hub,no,7,The Fanged Beasts,0,0,0,
629,78,5,10747,Hub,no,7,The Winged Wyverns,0,0,0,
630,78,6,10748,Hub,no,7,The Foes of the Deep,0,0,0,
631,78,7,10749,Hub,no,7,The Beasts of Brawn,0,0,0,
632,79,0,10750,Hub,no,7,Ring of the Silver Sol,0,0,0,
633,79,1,10751,Hub,no,7,Ring of the Golden Lune,0,0,0,
634,79,2,10752,Hub,no,7,Usurpers of the Throne,0,0,0,
635,79,3,10772,Hub,no,7,Following the Fallen,0,0,1,
636,79,4,10773,Hub,no,7,Fool's Gold,0,0,1,
637,79,5,10774,Hub,no,7,Shining Examples,0,0,1,
638,79,6,10753,Hub,no,7,Child of Destruction,0,0,0,
639,79,7,10754,Hub,no,7,A Shock in the Dark,0,0,0,
640,80,0,10755,Hub,no,7,Triumphant Rage,0,0,0,
641,80,1,10756,Hub,no,7,The Frozen Dictator,0,0,0,
642,80,2,10757,Hub,no,7,Kushala Daora Strikes,0,0,0,
643,80,3,10758,Hub,no,7,The Elder Dragon of Mist,0,0,0,
644,80,4,10759,Hub,no,7,Beyond the Silence,0,0,0,
645,80,5,10760,Hub,no,7,Emperor of Flame,0,0,0,
646,80,6,10761,Hub,no,7,The Fires of Devastation,0,0,0,
647,80,7,10762,Hub,no,7,Grim Tidings,0,0,0,
648,81,0,10763,Hub,no,7,Absolute Zero,0,0,0,
649,81,1,10764,Hub,no,7,The Looming Calamity,0,0,0,
650,81,2,10765,Hub,no,7,The Brilliant Darkness,0,0,0,
651,81,3,11101,Hub,no,G1,Harvest Tour: Ruined Pinnacle,0,0,1,
652,81,4,11102,Hub,no,G1,Harvest Tour: Desert,0,0,1,
653,81,5,11117,Hub,no,G1,Harvest Tour: Ancestral Steppe,0,0,1,
654,81,6,11118,Hub,no,G1,Harvest Tour: Primal Forest,0,0,1,
655,81,7,11119,Hub,no,G1,Harvest Tour: Jurassic Frontier,0,0,1,
656,82,0,11120,Hub,no,G1,Harvest Tour: Dunes,0,0,1,
657,82,1,11121,Hub,no,G1,Harvest Tour: Verdant Hills,0,0,1,
658,82,2,11122,Hub,no,G1,Harvest Tour: Arctic Ridge,0,0,1,
659,82,3,11123,Hub,no,G1,Harvest Tour: Misty Peaks,0,0,1,
660,82,4,11106,Hub,no,G1,Pecking Order,19,0,1,
661,82,5,11124,Hub,no,G1,After That Bird!,0,0,1,
662,82,6,11116,Hub,no,G1,Sweetheart's Pick: Lofty Ludroth,0,0,1,
663,82,7,11125,Hub,no,G1,Fangs for the Bath,0,0,1,
664,83,0,11114,Hub,no,G1,"Ruined Pinnacle, RUINED",0,0,1,
665,83,1,11126,Hub,no,G1,Just Five Morel Minutes...,0,0,1,
666,83,2,11113,Hub,no,G1,Daimyo Hermitaur Flambé,0,0,1,
667,83,3,11112,Hub,no,G1,A Berry Dubious Idea,0,0,1,
668,83,4,11109,Hub,no,G1,"Lost, But Not for Long",19,0,1,
669,83,5,11127,Hub,no,G1,Face Two Face,0,0,1,
670,83,6,11107,Hub,no,G1,Enough Monkeying Around,0,0,1,
671,83,7,11110,Hub,no,G1,Pleasantly Sozzled,0,0,1,
672,84,0,11128,Hub,no,G1,Antony and Tetsucabra,0,0,1,
673,84,1,11103,Hub,no,G1,A Brush with Bugs,0,0,1,
674,84,2,11111,Hub,no,G1,Surprise!,19,0,1,
675,84,3,11129,Hub,no,G1,The Bird Who Wood Be King,0,0,1,
676,84,4,11108,Hub,no,G1,The Killer Rabbit of Arctic Ridge,0,0,1,
677,84,5,11105,Hub,no,G1,Survival of the Biggest,19,0,1,
678,84,6,11104,Hub,no,G1,Riverside Rumble,0,0,1,
679,84,7,11130,Hub,no,G1,Water Fight,19,0,1,
680,85,0,11201,Hub,no,G2,Harvest Tour: Jungle,0,0,1,
681,85,1,11220,Hub,no,G2,Harvest Tour: Frozen Seaway,0,0,1,
682,85,2,11221,Hub,no,G2,Harvest Tour: Deserted Island,0,0,1,
683,85,3,11222,Hub,no,G2,Harvest Tour: Marshlands,0,0,1,
684,85,4,11223,Hub,no,G2,Harvest Tour: Volcano,0,0,1,
685,85,5,11224,Hub,no,G2,The Legend of King Apple,0,0,1,
686,85,6,11206,Hub,no,G2,Treasure Pinnacle: Rice,0,0,1,
687,85,7,11248,Hub,no,G2,Queen of the Ruined Pinnacle,20,0,1,
688,86,0,11250,Hub,no,G2,Naked Aggression,0,0,1,
689,86,1,11225,Hub,no,G2,Smithy Business,0,0,1,
690,86,2,11202,Hub,no,G2,I See It Rollin'...,0,0,1,
691,86,3,11204,Hub,no,G2,Dirty Deals,43,0,1,
692,86,4,11211,Hub,no,G2,Share the Load (and the Reward),0,0,1,
693,86,5,11212,Hub,no,G2,Shadows in the Desert Lake,20,0,1,
694,86,6,11203,Hub,no,G2,Not Mushroom to Swing a Congalala,20,0,1,
695,86,7,11210,Hub,no,G2,Sky Tribe: Savior of the Skyway,0,0,1,
696,87,0,11216,Hub,no,G2,Face-off in the Jungle,0,0,1,
697,87,1,11218,Hub,no,G2,Hit the Lights,0,0,1,
698,87,2,11219,Hub,no,G2,Shelling Out for Fashion,0,0,1,
699,87,3,11226,Hub,no,G2,Royal Assassination,0,0,1,
700,87,4,11209,Hub,no,G2,Feeding Time,20,0,1,
701,87,5,11217,Hub,no,G2,Poisoned Primal Forest,0,0,1,
702,87,6,11207,Hub,no,G2,Through Thick and Fin,0,0,1,
703,87,7,11227,Hub,no,G2,Zamite Fright,0,0,1,
704,88,0,11228,Hub,no,G2,Fishing's Lure,0,0,1,
705,88,1,11229,Hub,no,G2,The Next Stage of E-Volvi-lution,20,0,1,
706,88,2,11230,Hub,no,G2,Brute of the Sands,0,0,1,
707,88,3,11231,Hub,no,G2,Trade Dispute,0,0,1,
708,88,4,11215,Hub,no,G2,A Coil to Arms,0,0,1,
709,88,5,11208,Hub,no,G2,Chilled to the Marrow,0,0,1,
710,88,6,11213,Hub,no,G2,Earn Your Strength,0,0,1,
711,88,7,11232,Hub,no,G2,We've Reached Peak Blangonga,0,0,1,
712,89,0,11233,Hub,no,G2,Please Plesioth Me!,0,0,1,
713,89,1,11234,Hub,no,G2,Jumping at Shadows,0,0,1,
714,89,2,11235,Hub,no,G2,The Owled Man and the Sea,0,0,1,
715,89,3,11205,Hub,no,G2,That's No Rock...,20,0,1,
716,89,4,11236,Hub,no,G2,The Shadow in the Cave,0,0,1,
717,89,5,11237,Hub,no,G2,March Melancolico,0,0,1,
718,89,6,11238,Hub,no,G2,Interruption: Conga Line,0,0,1,
719,89,7,11239,Hub,no,G2,Commission: Basarios,0,0,1,
720,90,0,11249,Hub,no,G2,Afro Soul Is a Way of Life,0,0,1,
721,90,1,11214,Hub,no,G2,Feeling Generally Crabby,0,0,1,
722,90,2,11240,Hub,no,G2,Great Ore Discovery,0,0,1,
723,90,3,11241,Hub,no,G2,Minion's Devotion,0,0,1,
724,90,4,11242,Hub,no,G2,So Notable: Hyper Hermitaur,0,0,1,
725,90,5,11243,Hub,no,G2,Revenge from the Skies,0,0,1,
726,90,6,11244,Hub,no,G2,Commission: Hyper Kecha Wacha,0,0,1,
727,90,7,11245,Hub,no,G2,"Frog's Face, Demon's Heart",0,0,1,
728,91,0,11247,Hub,no,G2,The Verdant Hills Are Alive,0,0,1,
729,91,1,11246,Hub,no,G2,The Hype is Royal,0,0,1,
730,91,2,11343,Hub,no,G3,Harvest Tour: Volcanic Hollow,0,0,1,
731,91,3,11302,Hub,no,G3,The Unapproachable Yian Garuga,0,0,1,
732,91,4,11344,Hub,no,G3,Paralyzing Peril,0,0,1,
733,91,5,11308,Hub,no,G3,Return from the Pinnacle,0,0,1,
734,91,6,11311,Hub,no,G3,Pinnacle Pioneering,21,0,1,
735,91,7,11345,Hub,no,G3,Problem at the Pinnacle,0,0,1,
736,92,0,11313,Hub,no,G3,The Boiling Broiling Desert,21,0,1,
737,92,1,11346,Hub,no,G3,Strutting the Royal Runway,0,0,1,
738,92,2,11310,Hub,no,G3,Water Kerfuffle,21,0,1,
739,92,3,11347,Hub,no,G3,Hunt-a-Thon: Yian Garuga,0,0,1,
740,92,4,11348,Hub,no,G3,Primal Forest Fears,0,0,1,
741,92,5,11349,Hub,no,G3,Hunt-a-Thon: Gravios,0,0,1,
742,92,6,11304,Hub,no,G3,The Lost Expedition,21,0,1,
743,92,7,11312,Hub,no,G3,Ice Recovery,21,0,1,
744,93,0,11309,Hub,no,G3,A Certain Gravitas,21,0,1,
745,93,1,11350,Hub,no,G3,Hunter Dojo: Tail-do,0,0,1,
746,93,2,11351,Hub,no,G3,It's Gotta Be Coal,0,0,1,
747,93,3,11305,Hub,no,G3,The Royal Guard,0,0,1,
748,93,4,11314,Hub,no,G3,Eclipse at Jurassic Frontier,0,0,1,
749,93,5,11352,Hub,no,G3,PR Disaster,0,0,1,
750,93,6,11306,Hub,no,G3,Predator in the Hills,0,0,1,
751,93,7,11353,Hub,no,G3,I Hope It's Not Barioth Flavored,0,0,1,
752,94,0,11354,Hub,no,G3,Hunter Dojo: Tusk-fu,0,0,1,
753,94,1,11355,Hub,no,G3,Howl at the Moon,0,0,1,
754,94,2,11356,Hub,no,G3,Hunter Dojo: Bubble-jitsu,0,0,1,
755,94,3,11357,Hub,no,G3,"""Kiken"" Means ""Danger""!",0,0,1,
756,94,4,11307,Hub,no,G3,"The Sun, Also Wyverns",0,0,1,
757,94,5,11358,Hub,no,G3,Hunter Dojo: Lightning Wushu,0,0,1,
758,94,6,11303,Hub,no,G3,Uragaan Grief,0,0,1,
759,94,7,11359,Hub,no,G3,"Heavenly Fire, Earthly Flame",0,0,1,
760,95,0,11319,Hub,no,G3,Giant Dragon Invasion,44,0,1,
761,95,1,11360,Hub,no,G3,Frontier Fisticuffs,0,0,1,
762,95,2,11361,Hub,no,G3,Down With This Sort of Thing,0,0,1,
763,95,3,11363,Hub,no,G3,Searing Sands,0,0,1,
764,95,4,11365,Hub,no,G3,Arena Bakalaka-Battle! Woo!,0,0,1,
765,95,5,11325,Hub,no,G3,Trial by Fart,0,0,1,
766,95,6,11328,Hub,no,G3,The Pinnacle of Good Records,0,0,1,
767,95,7,11333,Hub,no,G3,The Pinnacle of Terror,0,0,1,
768,96,0,11334,Hub,no,G3,Eat in Pieces,0,0,1,
769,96,1,11335,Hub,no,G3,Diabolical Deluge,0,0,1,
770,96,2,11332,Hub,no,G3,Temnoceranophobia,0,0,1,
771,96,3,11339,Hub,no,G3,...Or Just Wait for It to Poop,0,0,1,
772,96,4,11330,Hub,no,G3,"Zamtrios, Right Ahead!",0,0,1,
773,96,5,11331,Hub,no,G3,Frozen Seaway Horror Story,0,0,1,
774,96,6,11329,Hub,no,G3,Sweets for My Sweets,0,0,1,
775,96,7,11340,Hub,no,G3,Nargacuga in the Jurassic Frontier,0,0,1,
776,97,0,11327,Hub,no,G3,The Mud Must Flow,0,0,1,
777,97,1,11336,Hub,no,G3,Shhhhut Up,0,0,1,
778,97,2,11338,Hub,no,G3,No Place to Run,0,0,1,
779,97,3,11337,Hub,no,G3,It's a Miner's Life,0,0,1,
780,97,4,11367,Hub,no,G3,Let the Games Begin,0,0,1,
781,97,5,11366,Hub,no,G3,Material Old Girl,0,0,1,
782,97,6,11316,Hub,no,G3,A Pinnacle Just for You,0,0,1,
783,97,7,11318,Hub,no,G3,Reality or Fantasy?,0,0,1,
784,98,0,11317,Hub,no,G3,The Phantom Beast!,0,0,1,
785,98,1,11401,Hub,no,G4,Sky Render,45,0,1,
786,98,2,11459,Hub,no,G4,Hunter Dojo: Valstrax-ryu,0,0,1,
787,98,3,11458,Hub,no,G4,Supersonic,0,0,1,
788,98,4,11460,Hub,no,G4,Scales of Justice,0,0,1,
789,98,5,11403,Hub,no,G4,Battle of 1001 Blades,0,0,1,
790,98,6,11406,Hub,no,G4,Beware Twin Horns on the Sand,22,0,1,
791,98,7,11461,Hub,no,G4,Deviljho Hunt,22,0,1,
792,99,0,11409,Hub,no,G4,Paint It Gold,0,0,1,
793,99,1,11405,Hub,no,G4,Tracing the Family Tree,22,0,1,
794,99,2,11462,Hub,no,G4,Price Freeze,0,0,1,
795,99,3,11463,Hub,no,G4,Seregios Scuffle,0,0,1,
796,99,4,11407,Hub,no,G4,Slam Gunk,0,0,1,
797,99,5,11464,Hub,no,G4,Diabolical Delight,0,0,1,
798,99,6,11465,Hub,no,G4,Emergency at the Arctic Ridge!,22,0,1,
799,99,7,11404,Hub,no,G4,Misty Opportunity?,0,0,1,
800,100,0,11410,Hub,no,G4,Everything in Moderation,0,0,1,
801,100,1,11402,Hub,no,G4,Lavaclad Beast,0,0,1,
802,100,2,11466,Hub,no,G4,Brachydios Bypass,0,0,1,
803,100,3,11467,Hub,no,G4,A Very Long Engravement,22,0,1,
804,100,4,11408,Hub,no,G4,Ends of the Earth,0,0,1,
805,100,5,11468,Hub,no,G4,A Titanic Clash,22,0,1,
806,100,6,11469,Hub,no,G4,The Ol' Razzle Dazzle,0,0,1,
807,100,7,11484,Hub,no,G4,Jurassic Skulduggery,0,0,1,
808,101,0,11485,Hub,no,G4,Verdant Hills Missive,0,0,1,
809,101,1,11470,Hub,no,G4,Quest of Friendship,0,0,1,
810,101,2,11471,Hub,no,G4,Fiery Four-way Fracas,0,0,1,
811,101,3,11432,Hub,no,G4,Castle on the Run,46,0,1,
812,101,4,11472,Hub,no,G4,Pitched Pinnacle Battle,0,0,1,
813,101,5,11442,Hub,no,G4,All Creatures Cleaved and Small,0,0,1,
814,101,6,11448,Hub,no,G4,Backwater Battle,0,0,1,
815,101,7,11474,Hub,no,G4,Rajang Against The Machine,0,0,1,
816,102,0,11436,Hub,no,G4,Seeking the Sea King,0,0,1,
817,102,1,11440,Hub,no,G4,If These Rocks Could Talk,0,0,1,
818,102,2,11446,Hub,no,G4,Appeal from Authority,0,0,1,
819,102,3,11434,Hub,no,G4,Neopteronophobia,0,0,1,
820,102,4,11439,Hub,no,G4,It Takes Mizutsune to Tango,0,0,1,
821,102,5,11444,Hub,no,G4,Something Wicked,0,0,1,
822,102,6,11433,Hub,no,G4,Setting the Barioth High,0,0,1,
823,102,7,11441,Hub,no,G4,The Big Push,0,0,1,
824,103,0,11475,Hub,no,G4,What's Mine is Mine,0,0,1,
825,103,1,11443,Hub,no,G4,Agnaktor's Deep,0,0,1,
826,103,2,11483,Hub,no,G4,Garuga's Comeuppance,0,0,1,
827,103,3,11445,Hub,no,G4,Seregios Exposé,0,0,1,
828,103,4,11447,Hub,no,G4,Tigrex Trap,0,0,1,
829,103,5,11478,Hub,no,G4,Zinogre-enthusiasm,0,0,1,
830,103,6,11449,Hub,no,G4,Even Brachydios Need A Holiday,0,0,1,
831,103,7,11438,Hub,no,G4,Marshland Fandango,0,0,1,
832,104,0,11435,Hub,no,G4,Let's Get Igneous,0,0,1,
833,104,1,11486,Hub,no,G4,R.I.P.,0,0,1,
834,104,2,11487,Hub,no,G4,Death at My Greaves,0,0,1,
835,104,3,11488,Hub,no,G4,Pinnacle Problems,0,0,1,
836,104,4,11489,Hub,no,G4,A Bed of Sand,0,0,1,
837,104,5,11490,Hub,no,G4,Jungle Funk,0,0,1,
838,104,6,11479,Hub,no,G4,Arctic Ridge Allegiances,0,0,1,
839,104,7,11480,Hub,no,G4,Arena Allegiances,0,0,1,
840,105,0,11450,Hub,no,G4,Path of the Hunter,0,0,1,
841,105,1,11418,Hub,no,G4,Silver-Tongued Storyteller,0,0,1,
842,105,2,11419,Hub,no,G4,Gold Digger,0,0,1,
843,105,3,11481,Hub,no,G4,The Sun and the Moon,0,0,1,
844,105,4,11477,Hub,no,G4,By the Light of the Silvery Rath,0,0,1,
845,105,5,11476,Hub,no,G4,A Jurassic Frontier Just for You,0,0,1,
846,105,6,11473,Hub,no,G4,A Tragedy in Silver and Gold,0,0,1,
847,105,7,11411,Hub,no,G4,Heaven and Hell,0,0,1,
848,106,0,11482,Hub,no,G4,Primal Screams,0,0,1,
849,106,1,11420,Hub,no,G4,The Jungle VIP,0,0,1,
850,106,2,11421,Hub,no,G4,Deranged Desert Deviljho,0,0,1,
851,106,3,11422,Hub,no,G4,Brachydios Brute Squad,0,0,1,
852,106,4,11413,Hub,no,G4,Steel Yourself,0,0,1,
853,106,5,11412,Hub,no,G4,Blizzard Blower,0,0,1,
854,106,6,11414,Hub,no,G4,Out of Thin Air,0,0,1,
855,106,7,11415,Hub,no,G4,Into Thin Air,0,0,1,
856,107,0,11417,Hub,no,G4,Sandblasting,0,0,1,
857,107,1,11416,Hub,no,G4,Explosion Marks the Spot,0,0,1,
858,107,2,11431,Hub,no,G4,A Bone to Pick,0,0,1,
859,107,3,11423,Hub,no,G4,Trial by Akantor,0,0,1,
860,107,4,11424,Hub,no,G4,Polar Peril,0,0,1,
861,107,5,11425,Hub,no,G4,Who Will Hunt the Rain?,0,0,1,
862,107,6,11455,Hub,no,G4,Glory Glory Alatreon,0,0,1,
863,107,7,11454,Hub,no,G4,Fade to Black,0,0,1,
864,108,0,11456,Hub,no,G4,The End Is Nigh,0,0,1,
865,108,1,11457,Hub,no,G4,Old Fatalis,0,0,1,
866,108,2,100201,Village,yes,2,Prowler's First Errand,129,0,0,
867,108,3,100202,Village,yes,2,Jurassic Fungologist,129,0,0,
868,108,4,100203,Village,yes,2,Lucky Frontier Cat,129,0,0,
869,108,5,100301,Village,yes,3,Verdant Hills Bully,129,0,0,
870,108,6,100302,Village,yes,3,Lucky Hills Cat,129,0,0,
871,108,7,100303,Village,yes,3,The Mining Drag,129,0,0,
872,109,0,100304,Village,yes,3,Felyne Fishing Weekly,129,0,0,
873,109,1,100305,Village,yes,3,Grooming the Moofahs,129,0,0,
874,109,2,100306,Village,yes,3,Bug Reports,129,0,0,
875,109,3,100401,Village,yes,4,Great Maccao Headbreaker,129,0,0,
876,109,4,100402,Village,yes,4,Dash It All,129,0,0,
877,109,5,100403,Village,yes,4,An Offer You Can't Refuse,129,0,0,
878,109,6,100404,Village,yes,4,The Secret Ingredient,129,0,0,
879,109,7,100405,Village,yes,4,Marshlands Fishing?,129,0,0,
880,110,0,100406,Village,yes,4,Arctic Point Expedition,129,0,0,
881,110,1,100501,Village,yes,5,Blood Red Marshlands,129,0,0,
882,110,2,100502,Village,yes,5,An Offer You Can't Relieve,129,0,0,
883,110,3,100503,Village,yes,5,Uroktor Hide 'n Seek,129,0,0,
884,110,4,100504,Village,yes,5,Into the Volcano,129,0,0,
885,110,5,100505,Village,yes,5,Kut-Ku Earbreaker,129,0,0,
886,110,6,100601,Village,yes,6,The Right Cattitude,129,0,0,
887,110,7,100602,Village,yes,6,D. Hermitaur Shellbreaker,129,0,0,
888,111,0,100603,Village,yes,6,Surrounded by Blue and Green,129,0,0,
889,111,1,100604,Village,yes,6,Poison and Fangs,129,0,0,
890,111,2,100701,Village,yes,7,Prowler's Second Errand,129,0,1,
891,111,3,100702,Village,yes,7,Conga Line,129,0,1,
892,111,4,100703,Village,yes,7,Dashing Velocidrome,129,0,1,
893,111,5,100801,Village,yes,8,Eggcellent Surprise,129,0,1,
894,111,6,100802,Village,yes,8,Cold-Blooded Giadrome,129,0,1,
895,111,7,100803,Village,yes,8,Picturesque Pinnacle,129,0,1,
896,112,0,100804,Village,yes,8,Congalala Crestbreaker,129,0,1,
897,112,1,100901,Village,yes,9,Innocent Curiosity,129,0,1,
898,112,2,100902,Village,yes,9,A Poison Paradise,129,0,1,
899,112,3,100903,Village,yes,9,Lucky Dunes Cat,129,0,1,
900,112,4,100904,Village,yes,9,Basarios Chestbreaker,129,0,1,
901,112,5,101001,Village,yes,10,Lucky Hills Cat,129,0,1,
902,112,6,101002,Village,yes,10,Ludroth Lunacy,129,0,1,
903,112,7,101003,Village,yes,10,Duramboros Humpbreaker,129,0,1,
904,113,0,101004,Village,yes,10,Snow Festival,129,0,1,
905,113,1,101005,Village,yes,10,Drome Rush!,129,0,1,
906,113,2,110101,Hub,yes,1,Dance: The Final Frontier,129,0,0,
907,113,3,110102,Hub,yes,1,Taste the Mountains,129,0,0,
908,113,4,110103,Hub,yes,1,Lucky Mountain Cat,129,0,0,
909,113,5,110201,Hub,yes,2,Running with the Night,129,0,0,
910,113,6,110202,Hub,yes,2,A Cricket to Love,129,0,0,
911,113,7,110203,Hub,yes,2,A Resplendent Dance,129,0,0,
912,114,0,110301,Hub,yes,3,Hot Scales & Sharp Pincers,129,0,0,
913,114,1,110302,Hub,yes,3,There's Always Room for Fish,129,0,0,
914,114,2,110303,Hub,yes,3,Out of the Frying Pan,129,0,0,
915,114,3,110401,Hub,yes,4,The Grandmeowster's Trials,129,0,0,
916,114,4,110402,Hub,yes,4,We Cat All Be Heroes,129,0,0,
917,114,5,110403,Hub,yes,4,Fois Gras Faux Pas,129,0,0,
918,114,6,110404,Hub,yes,4,Splash in the Moonlight,129,0,0,
919,114,7,110501,Hub,yes,5,"Calm, Cool, and Collected",129,0,0,
920,115,0,110502,Hub,yes,5,Kecha Wacha Earbreaker,129,0,0,
921,115,1,110503,Hub,yes,5,Fish On!,129,0,0,
922,115,2,110504,Hub,yes,5,Lucky Volcano Cat,129,0,0,
923,115,3,110505,Hub,yes,5,Under the Blazing Sun,129,0,0,
924,115,4,110601,Hub,yes,6,Everywhere You Look,129,0,0,
925,115,5,110602,Hub,yes,6,Malfestio Headbreaker,129,0,0,
926,115,6,110603,Hub,yes,6,The Snow Must Go On,129,0,0,
927,115,7,110604,Hub,yes,6,Big Bro's Benevolence,129,0,0,
928,116,0,110701,Hub,yes,7,The Ball's in Your Court,129,0,0,
929,116,1,110702,Hub,yes,7,Uragaan Shellbreaker,129,0,0,
930,116,2,110703,Hub,yes,7,"Poison, Poison, Go Away",129,0,0,
931,116,3,110704,Hub,yes,7,Meownster Hunter,129,0,0,
932,116,4,111101,Hub,yes,G1,Bnahabra in the Stomach,129,0,1,
933,116,5,111102,Hub,yes,G1,Lucky Steppe Cat,129,0,1,
934,116,6,111103,Hub,yes,G1,Desert Furrontier,129,0,1,
935,116,7,111201,Hub,yes,G2,Primal Furrontier,129,0,1,
936,117,0,111202,Hub,yes,G2,Thank-You Gift,129,0,1,
937,117,1,111203,Hub,yes,G2,Royal Ludroth Manebreaker,129,0,1,
938,117,2,111301,Hub,yes,G3,Laughter is Not the Best Antidote,129,0,1,
939,117,3,111302,Hub,yes,G3,Volcano Furrontier,129,0,1,
940,117,4,111303,Hub,yes,G3,Lucky Jungle Cat,129,0,1,
941,117,5,111304,Hub,yes,G3,Nerscylla Hidebreaker,129,0,1,
942,117,6,111401,Hub,yes,G4,Lagiacrus Headbreaker,129,0,1,
943,117,7,111402,Hub,yes,G4,Ninjadromes,129,0,1,
944,118,0,111403,Hub,yes,G4,Seltas Spat,129,0,1,
945,118,1,111404,Hub,yes,G4,Gravios Backbreaker,129,0,1,
946,118,2,111405,Hub,yes,G4,Meownster Hunter Ultimate,129,0,1,
947,118,3,40101,Special Permit,no,,Redhelm I: Hunt,0,0,0,
948,118,4,40102,Special Permit,no,,Redhelm II: Capture,0,0,0,
949,118,5,40103,Special Permit,no,,Redhelm III: Hunt,0,0,0,
950,118,6,40104,Special Permit,no,,Redhelm IV: Hunt,0,0,0,
951,118,7,40105,Special Permit,no,,Redhelm V: Hunt,0,0,0,
952,119,0,40106,Special Permit,no,,Redhelm VI: Hunt,0,0,0,
953,119,1,40107,Special Permit,no,,Redhelm VII: Capture,0,0,0,
954,119,2,40108,Special Permit,no,,Redhelm VIII: Hunt,0,0,0,
955,119,3,40109,Special Permit,no,,Redhelm IX: Hunt,0,0,0,
956,119,4,40110,Special Permit,no,,Redhelm X: Hunt,0,0,0,
957,119,5,40111,Special Permit,no,,Redhelm G1: Capture,0,0,1,
958,119,6,40112,Special Permit,no,,Redhelm G2: Hunt,0,0,1,
959,119,7,40113,Special Permit,no,,Redhelm G3: Hunt,0,0,1,
960,120,0,40114,Special Permit,no,,Redhelm G4: Hunt,0,0,1,
961,120,1,40115,Special Permit,no,,Redhelm G5: Hunt,0,0,1,
962,120,2,40116,Special Permit,no,,Redhelm EX: Hunt,0,0,1,
963,120,3,40201,Special Permit,no,,Snowbaron I: Hunt,0,0,0,
964,120,4,40202,Special Permit,no,,Snowbaron II: Capture,0,0,0,
965,120,5,40203,Special Permit,no,,Snowbaron III: Hunt,0,0,0,
966,120,6,40204,Special Permit,no,,Snowbaron IV: Hunt,0,0,0,
967,120,7,40205,Special Permit,no,,Snowbaron V: Hunt,0,0,0,
968,121,0,40206,Special Permit,no,,Snowbaron VI: Hunt,0,0,0,
969,121,1,40207,Special Permit,no,,Snowbaron VII: Capture,0,0,0,
970,121,2,40208,Special Permit,no,,Snowbaron VIII: Hunt,0,0,0,
971,121,3,40209,Special Permit,no,,Snowbaron IX: Hunt,0,0,0,
972,121,4,40210,Special Permit,no,,Snowbaron X: Hunt,0,0,0,
973,121,5,40211,Special Permit,no,,Snowbaron G1: Capture,0,0,1,
974,121,6,40212,Special Permit,no,,Snowbaron G2: Hunt,0,0,1,
975,121,7,40213,Special Permit,no,,Snowbaron G3: Hunt,0,0,1,
976,122,0,40214,Special Permit,no,,Snowbaron G4: Hunt,0,0,1,
977,122,1,40215,Special Permit,no,,Snowbaron G5: Hunt,0,0,1,
978,122,2,40216,Special Permit,no,,Snowbaron EX: Hunt,0,0,1,
979,122,3,40301,Special Permit,no,,Stonefist I: Hunt,0,0,0,
980,122,4,40302,Special Permit,no,,Stonefist II: Capture,0,0,0,
981,122,5,40303,Special Permit,no,,Stonefist III: Hunt,0,0,0,
982,122,6,40304,Special Permit,no,,Stonefist IV: Hunt,0,0,0,
983,122,7,40305,Special Permit,no,,Stonefist V: Hunt,0,0,0,
984,123,0,40306,Special Permit,no,,Stonefist VI: Hunt,0,0,0,
985,123,1,40307,Special Permit,no,,Stonefist VII: Capture,0,0,0,
986,123,2,40308,Special Permit,no,,Stonefist VIII: Hunt,0,0,0,
987,123,3,40309,Special Permit,no,,Stonefist IX: Hunt,0,0,0,
988,123,4,40310,Special Permit,no,,Stonefist X: Hunt,0,0,0,
989,123,5,40311,Special Permit,no,,Stonefist G1: Capture,0,0,1,
990,123,6,40312,Special Permit,no,,Stonefist G2: Hunt,0,0,1,
991,123,7,40313,Special Permit,no,,Stonefist G3: Hunt,0,0,1,
992,124,0,40314,Special Permit,no,,Stonefist G4: Hunt,0,0,1,
993,124,1,40315,Special Permit,no,,Stonefist G5: Hunt,0,0,1,
994,124,2,40316,Special Permit,no,,Stonefist EX: Hunt,0,0,1,
995,124,3,40401,Special Permit,no,,Dreadqueen I: Hunt,0,0,0,
996,124,4,40402,Special Permit,no,,Dreadqueen II: Capture,0,0,0,
997,124,5,40403,Special Permit,no,,Dreadqueen III: Hunt,0,0,0,
998,124,6,40404,Special Permit,no,,Dreadqueen IV: Hunt,0,0,0,
999,124,7,40405,Special Permit,no,,Dreadqueen V: Hunt,0,0,0,
1000,125,0,40406,Special Permit,no,,Dreadqueen VI: Hunt,0,0,0,
1001,125,1,40407,Special Permit,no,,Dreadqueen VII: Capture,0,0,0,
1002,125,2,40408,Special Permit,no,,Dreadqueen VIII: Hunt,0,0,0,
1003,125,3,40409,Special Permit,no,,Dreadqueen IX: Hunt,0,0,0,
1004,125,4,40410,Special Permit,no,,Dreadqueen X: Hunt,0,0,0,
1005,125,5,40411,Special Permit,no,,Dreadqueen G1: Capture,0,0,1,
1006,125,6,40412,Special Permit,no,,Dreadqueen G2: Hunt,0,0,1,
1007,125,7,40413,Special Permit,no,,Dreadqueen G3: Hunt,0,0,1,
1008,126,0,40414,Special Permit,no,,Dreadqueen G4: Hunt,0,0,1,
1009,126,1,40415,Special Permit,no,,Dreadqueen G5: Hunt,0,0,1,
1010,126,2,40416,Special Permit,no,,Dreadqueen EX: Hunt,0,0,1,
1011,126,3,40501,Special Permit,no,,Drilltusk I: Hunt,0,0,0,
1012,126,4,40502,Special Permit,no,,Drilltusk II: Capture,0,0,0,
1013,126,5,40503,Special Permit,no,,Drilltusk III: Hunt,0,0,0,
1014,126,6,40504,Special Permit,no,,Drilltusk IV: Hunt,0,0,0,
1015,126,7,40505,Special Permit,no,,Drilltusk V: Hunt,0,0,0,
1016,127,0,40506,Special Permit,no,,Drilltusk VI: Hunt,0,0,0,
1017,127,1,40507,Special Permit,no,,Drilltusk VII: Capture,0,0,0,
1018,127,2,40508,Special Permit,no,,Drilltusk VIII: Hunt,0,0,0,
1019,127,3,40509,Special Permit,no,,Drilltusk IX: Hunt,0,0,0,
1020,127,4,40510,Special Permit,no,,Drilltusk X: Hunt,0,0,0,
1021,127,5,40511,Special Permit,no,,Drilltusk G1: Capture,0,0,1,
1022,127,6,40512,Special Permit,no,,Drilltusk G2: Hunt,0,0,1,
1023,127,7,40513,Special Permit,no,,Drilltusk G3: Hunt,0,0,1,
1024,128,0,40514,Special Permit,no,,Drilltusk G4: Hunt,0,0,1,
1025,128,1,40515,Special Permit,no,,Drilltusk G5: Hunt,0,0,1,
1026,128,2,40516,Special Permit,no,,Drilltusk EX: Hunt,0,0,1,
1027,128,3,40601,Special Permit,no,,Silverwind I: Hunt,0,0,0,
1028,128,4,40602,Special Permit,no,,Silverwind II: Capture,0,0,0,
1029,128,5,40603,Special Permit,no,,Silverwind III: Hunt,0,0,0,
1030,128,6,40604,Special Permit,no,,Silverwind IV: Hunt,0,0,0,
1031,128,7,40605,Special Permit,no,,Silverwind V: Hunt,0,0,0,
1032,129,0,40606,Special Permit,no,,Silverwind VI: Hunt,0,0,0,
1033,129,1,40607,Special Permit,no,,Silverwind VII: Capture,0,0,0,
1034,129,2,40608,Special Permit,no,,Silverwind VIII: Hunt,0,0,0,
1035,129,3,40609,Special Permit,no,,Silverwind IX: Hunt,0,0,0,
1036,129,4,40610,Special Permit,no,,Silverwind X: Hunt,0,0,0,
1037,129,5,40611,Special Permit,no,,Silverwind G1: Capture,0,0,1,
1038,129,6,40612,Special Permit,no,,Silverwind G2: Hunt,0,0,1,
1039,129,7,40613,Special Permit,no,,Silverwind G3: Hunt,0,0,1,
1040,130,0,40614,Special Permit,no,,Silverwind G4: Hunt,0,0,1,
1041,130,1,40615,Special Permit,no,,Silverwind G5: Hunt,0,0,1,
1042,130,2,40616,Special Permit,no,,Silverwind EX: Hunt,0,0,1,
1043,130,3,40701,Special Permit,no,,Crystalbeard I: Hunt,0,0,0,
1044,130,4,40702,Special Permit,no,,Crystalbeard II: Capture,0,0,0,
1045,130,5,40703,Special Permit,no,,Crystalbeard III: Hunt,0,0,0,
1046,130,6,40704,Special Permit,no,,Crystalbeard IV: Hunt,0,0,0,
1047,130,7,40705,Special Permit,no,,Crystalbeard V: Hunt,0,0,0,
1048,131,0,40706,Special Permit,no,,Crystalbeard VI: Hunt,0,0,0,
1049,131,1,40707,Special Permit,no,,Crystalbeard VII: Capture,0,0,0,
1050,131,2,40708,Special Permit,no,,Crystalbeard VIII: Hunt,0,0,0,
1051,131,3,40709,Special Permit,no,,Crystalbeard IX: Hunt,0,0,0,
1052,131,4,40710,Special Permit,no,,Crystalbeard X: Hunt,0,0,0,
1053,131,5,40711,Special Permit,no,,Crystalbeard G1: Capture,0,0,1,
1054,131,6,40712,Special Permit,no,,Crystalbeard G2: Hunt,0,0,1,
1055,131,7,40713,Special Permit,no,,Crystalbeard G3: Hunt,0,0,1,
1056,132,0,40714,Special Permit,no,,Crystalbeard G4: Hunt,0,0,1,
1057,132,1,40715,Special Permit,no,,Crystalbeard G5: Hunt,0,0,1,
1058,132,2,40716,Special Permit,no,,Crystalbeard EX: Hunt,0,0,1,
1059,132,3,40801,Special Permit,no,,Deadeye I: Hunt,0,0,0,
1060,132,4,40802,Special Permit,no,,Deadeye II: Capture,0,0,0,
1061,132,5,40803,Special Permit,no,,Deadeye III: Hunt,0,0,0,
1062,132,6,40804,Special Permit,no,,Deadeye IV: Hunt,0,0,0,
1063,132,7,40805,Special Permit,no,,Deadeye V: Hunt,0,0,0,
1064,133,0,40806,Special Permit,no,,Deadeye VI: Hunt,0,0,0,
1065,133,1,40807,Special Permit,no,,Deadeye VII: Capture,0,0,0,
1066,133,2,40808,Special Permit,no,,Deadeye VIII: Hunt,0,0,0,
1067,133,3,40809,Special Permit,no,,Deadeye IX: Hunt,0,0,0,
1068,133,4,40810,Special Permit,no,,Deadeye X: Hunt,0,0,0,
1069,133,5,40811,Special Permit,no,,Deadeye G1: Capture,0,0,1,
1070,133,6,40812,Special Permit,no,,Deadeye G2: Hunt,0,0,1,
1071,133,7,40813,Special Permit,no,,Deadeye G3: Hunt,0,0,1,
1072,134,0,40814,Special Permit,no,,Deadeye G4: Hunt,0,0,1,
1073,134,1,40815,Special Permit,no,,Deadeye G5: Hunt,0,0,1,
1074,134,2,40816,Special Permit,no,,Deadeye EX: Hunt,0,0,1,
1075,134,3,40901,Special Permit,no,,Dreadking I: Hunt,0,0,0,
1076,134,4,40902,Special Permit,no,,Dreadking II: Capture,0,0,0,
1077,134,5,40903,Special Permit,no,,Dreadking III: Hunt,0,0,0,
1078,134,6,40904,Special Permit,no,,Dreadking IV: Hunt,0,0,0,
1079,134,7,40905,Special Permit,no,,Dreadking V: Hunt,0,0,0,
1080,135,0,40906,Special Permit,no,,Dreadking VI: Hunt,0,0,0,
1081,135,1,40907,Special Permit,no,,Dreadking VII: Capture,0,0,0,
1082,135,2,40908,Special Permit,no,,Dreadking VIII: Hunt,0,0,0,
1083,135,3,40909,Special Permit,no,,Dreadking IX: Hunt,0,0,0,
1084,135,4,40910,Special Permit,no,,Dreadking X: Hunt,0,0,0,
1085,135,5,40911,Special Permit,no,,Dreadking G1: Capture,0,0,1,
1086,135,6,40912,Special Permit,no,,Dreadking G2: Hunt,0,0,1,
1087,135,7,40913,Special Permit,no,,Dreadking G3: Hunt,0,0,1,
1088,136,0,40914,Special Permit,no,,Dreadking G4: Hunt,0,0,1,
1089,136,1,40915,Special Permit,no,,Dreadking G5: Hunt,0,0,1,
1090,136,2,40916,Special Permit,no,,Dreadking EX: Hunt,0,0,1,
1091,136,3,41001,Special Permit,no,,Thunderlord I: Hunt,0,0,0,
1092,136,4,41002,Special Permit,no,,Thunderlord II: Capture,0,0,0,
1093,136,5,41003,Special Permit,no,,Thunderlord III: Hunt,0,0,0,
1094,136,6,41004,Special Permit,no,,Thunderlord IV: Hunt,0,0,0,
1095,136,7,41005,Special Permit,no,,Thunderlord V: Hunt,0,0,0,
1096,137,0,41006,Special Permit,no,,Thunderlord VI: Hunt,0,0,0,
1097,137,1,41007,Special Permit,no,,Thunderlord VII: Hunt,0,0,0,
1098,137,2,41008,Special Permit,no,,Thunderlord VIII: Capture,0,0,0,
1099,137,3,41009,Special Permit,no,,Thunderlord IX: Hunt,0,0,0,
1100,137,4,41010,Special Permit,no,,Thunderlord X: Hunt,0,0,0,
1101,137,5,41011,Special Permit,no,,Thunderlord G1: Capture,0,0,1,
1102,137,6,41012,Special Permit,no,,Thunderlord G2: Hunt,0,0,1,
1103,137,7,41013,Special Permit,no,,Thunderlord G3: Hunt,0,0,1,
1104,138,0,41014,Special Permit,no,,Thunderlord G4: Hunt,0,0,1,
1105,138,1,41015,Special Permit,no,,Thunderlord G5: Hunt,0,0,1,
1106,138,2,41016,Special Permit,no,,Thunderlord EX: Hunt,0,0,1,
1107,138,3,41101,Special Permit,no,,Grimclaw I: Hunt,0,0,0,
1108,138,4,41102,Special Permit,no,,Grimclaw II: Capture,0,0,0,
1109,138,5,41103,Special Permit,no,,Grimclaw III: Hunt,0,0,0,
1110,138,6,41104,Special Permit,no,,Grimclaw IV: Hunt,0,0,0,
1111,138,7,41105,Special Permit,no,,Grimclaw V: Hunt,0,0,0,
1112,139,0,41106,Special Permit,no,,Grimclaw VI: Hunt,0,0,0,
1113,139,1,41107,Special Permit,no,,Grimclaw VII: Hunt,0,0,0,
1114,139,2,41108,Special Permit,no,,Grimclaw VIII: Capture,0,0,0,
1115,139,3,41109,Special Permit,no,,Grimclaw IX: Hunt,0,0,0,
1116,139,4,41110,Special Permit,no,,Grimclaw X: Hunt,0,0,0,
1117,139,5,41111,Special Permit,no,,Grimclaw G1: Capture,0,0,1,
1118,139,6,41112,Special Permit,no,,Grimclaw G2: Hunt,0,0,1,
1119,139,7,41113,Special Permit,no,,Grimclaw G3: Hunt,0,0,1,
1120,140,0,41114,Special Permit,no,,Grimclaw G4: Hunt,0,0,1,
1121,140,1,41115,Special Permit,no,,Grimclaw G5: Hunt,0,0,1,
1122,140,2,41116,Special Permit,no,,Grimclaw EX: Hunt,0,0,1,
1123,140,3,41201,Special Permit,no,,Hellblade I: Hunt,0,0,0,
1124,140,4,41202,Special Permit,no,,Hellblade II: Capture,0,0,0,
1125,140,5,41203,Special Permit,no,,Hellblade III: Hunt,0,0,0,
1126,140,6,41204,Special Permit,no,,Hellblade IV: Hunt,0,0,0,
1127,140,7,41205,Special Permit,no,,Hellblade V: Hunt,0,0,0,
1128,141,0,41206,Special Permit,no,,Hellblade VI: Hunt,0,0,0,
1129,141,1,41207,Special Permit,no,,Hellblade VII: Hunt,0,0,0,
1130,141,2,41208,Special Permit,no,,Hellblade VIII: Capture,0,0,0,
1131,141,3,41209,Special Permit,no,,Hellblade IX: Hunt,0,0,0,
1132,141,4,41210,Special Permit,no,,Hellblade X: Hunt,0,0,0,
1133,141,5,41211,Special Permit,no,,Hellblade G1: Capture,0,0,1,
1134,141,6,41212,Special Permit,no,,Hellblade G2: Hunt,0,0,1,
1135,141,7,41213,Special Permit,no,,Hellblade G3: Hunt,0,0,1,
1136,142,0,41214,Special Permit,no,,Hellblade G4: Hunt,0,0,1,
1137,142,1,41215,Special Permit,no,,Hellblade G5: Hunt,0,0,1,
1138,142,2,41216,Special Permit,no,,Hellblade EX: Hunt,0,0,1,
1139,142,3,41311,Special Permit,no,,Nightcloak G1: Capture,0,0,1,
1140,142,4,41312,Special Permit,no,,Nightcloak G2: Hunt,0,0,1,
1141,142,5,41313,Special Permit,no,,Nightcloak G3: Hunt,0,0,1,
1142,142,6,41314,Special Permit,no,,Nightcloak G4: Hunt,0,0,1,
1143,142,7,41315,Special Permit,no,,Nightcloak G5: Hunt,0,0,1,
1144,143,0,41316,Special Permit,no,,Nightcloak EX: Hunt,0,0,1,
1145,143,1,41411,Special Permit,no,,Rustrazor G1: Capture,0,0,1,
1146,143,2,41412,Special Permit,no,,Rustrazor G2: Hunt,0,0,1,
1147,143,3,41413,Special Permit,no,,Rustrazor G3: Hunt,0,0,1,
1148,143,4,41414,Special Permit,no,,Rustrazor G4: Hunt,0,0,1,
1149,143,5,41415,Special Permit,no,,Rustrazor G5: Hunt,0,0,1,
1150,143,6,41416,Special Permit,no,,Rustrazor EX: Hunt,0,0,1,
1151,143,7,41511,Special Permit,no,,Soulseer G1: Capture,0,0,1,
1152,144,0,41512,Special Permit,no,,Soulseer G2: Hunt,0,0,1,
1153,144,1,41513,Special Permit,no,,Soulseer G3: Hunt,0,0,1,
1154,144,2,41514,Special Permit,no,,Soulseer G4: Hunt,0,0,1,
1155,144,3,41515,Special Permit,no,,Soulseer G5: Hunt,0,0,1,
1156,144,4,41516,Special Permit,no,,Soulseer EX: Hunt,0,0,1,
1157,144,5,41611,Special Permit,no,,Boltreaver G1: Capture,0,0,1,
1158,144,6,41612,Special Permit,no,,Boltreaver G2: Hunt,0,0,1,
1159,144,7,41613,Special Permit,no,,Boltreaver G3: Hunt,0,0,1,
1160,145,0,41614,Special Permit,no,,Boltreaver G4: Hunt,0,0,1,
1161,145,1,41615,Special Permit,no,,Boltreaver G5: Hunt,0,0,1,
1162,145,2,41616,Special Permit,no,,Boltreaver EX: Hunt,0,0,1,
1163,145,3,41711,Special Permit,no,,Elderfrost G1: Capture,0,0,1,
1164,145,4,41712,Special Permit,no,,Elderfrost G2: Hunt,0,0,1,
1165,145,5,41713,Special Permit,no,,Elderfrost G3: Hunt,0,0,1,
1166,145,6,41714,Special Permit,no,,Elderfrost G4: Hunt,0,0,1,
1167,145,7,41715,Special Permit,no,,Elderfrost G5: Hunt,0,0,1,
1168,146,0,41716,Special Permit,no,,Elderfrost EX: Hunt,0,0,1,
1169,146,1,41811,Special Permit,no,,Bloodbath G1: Hunt,0,0,1,
1170,146,2,41812,Special Permit,no,,Bloodbath G2: Capture,0,0,1,
1171,146,3,41813,Special Permit,no,,Bloodbath G3: Hunt,0,0,1,
1172,146,4,41814,Special Permit,no,,Bloodbath G4: Hunt,0,0,1,
1173,146,5,41815,Special Permit,no,,Bloodbath G5: Hunt,0,0,1,
1174,146,6,41816,Special Permit,no,,Bloodbath EX: Hunt,0,0,1,
1175,146,7,30101,Training,no,,Hunter Training: The Basics,0,0,0,
1176,147,0,30102,Training,no,,Hunter Training: Combining,0,0,0,
1177,147,1,30103,Training,no,,Hunter Training: Mining,0,0,0,
1178,147,2,30104,Training,no,,Hunter Training: Fishing,0,0,0,
1179,147,3,30105,Training,no,,Hunter Training: Transporting,0,0,0,
1180,147,4,30106,Training,no,,Hunter Training: Slaying,0,0,0,
1181,147,5,30107,Training,no,,Hunter Training: Capturing,0,0,0,
1182,147,6,130301,Training,yes,,Prowler Training: The Basics,0,0,0,
1183,147,7,130302,Training,yes,,Prowler Training: Combining,0,0,0,
1184,148,0,130303,Training,yes,,Prowler Training: Gathering,0,0,0,
1185,148,1,130304,Training,yes,,Prowler Training: Fishing,0,0,0,
1186,148,2,130305,Training,yes,,Prowler Training: Transporting,0,0,0,
1187,148,3,130307,Training,yes,,Prowler Training: Slaying I,0,0,0,
1188,148,4,130308,Training,yes,,Prowler Training: Slaying II,0,0,1,
1189,148,5,130306,Training,yes,,Prowler Training: Capturing,0,0,0,
1190,148,6,30201,Training,no,,Guild Style Training,0,0,0,
1191,148,7,30202,Training,no,,Striker Style Training,0,0,0,
1192,149,0,30203,Training,no,,Aerial Style Training,0,0,0,
1193,149,1,30204,Training,no,,Adept Style Training,0,0,0,
1194,149,2,30205,Training,no,,Guild Style Training,0,0,0,
1195,149,3,30206,Training,no,,Striker Style Training,0,0,0,
1196,149,4,30207,Training,no,,Aerial Style Training,0,0,0,
1197,149,5,30208,Training,no,,Adept Style Training,0,0,0,
1198,149,6,30209,Training,no,,Guild Style Training,0,0,0,
1199,149,7,30210,Training,no,,Striker Style Training,0,0,0,
1200,150,0,30211,Training,no,,Aerial Style Training,0,0,0,
1201,150,1,30212,Training,no,,Adept Style Training,0,0,0,
1202,150,2,30213,Training,no,,Guild Style Training,0,0,0,
1203,150,3,30214,Training,no,,Striker Style Training,0,0,0,
1204,150,4,30215,Training,no,,Aerial Style Training,0,0,0,
1205,150,5,30216,Training,no,,Adept Style Training,0,0,0,
1206,150,6,30217,Training,no,,Guild Style Training,0,0,0,
1207,150,7,30218,Training,no,,Striker Style Training,0,0,0,
1208,151,0,30219,Training,no,,Aerial Style Training,0,0,0,
1209,151,1,30220,Training,no,,Adept Style Training,0,0,0,
1210,151,2,30221,Training,no,,Guild Style Training,0,0,0,
1211,151,3,30222,Training,no,,Striker Style Training,0,0,0,
1212,151,4,30223,Training,no,,Aerial Style Training,0,0,0,
1213,151,5,30224,Training,no,,Adept Style Training,0,0,0,
1214,151,6,30225,Training,no,,Guild Style Training,0,0,0,
1215,151,7,30226,Training,no,,Striker Style Training,0,0,0,
1216,152,0,30227,Training,no,,Aerial Style Training,0,0,0,
1217,152,1,30228,Training,no,,Adept Style Training,0,0,0,
1218,152,2,30229,Training,no,,Guild Style Training,0,0,0,
1219,152,3,30230,Training,no,,Striker Style Training,0,0,0,
1220,152,4,30231,Training,no,,Aerial Style Training,0,0,0,
1221,152,5,30232,Training,no,,Adept Style Training,0,0,0,
1222,152,6,30233,Training,no,,Guild Style Training,0,0,0,
1223,152,7,30234,Training,no,,Striker Style Training,0,0,0,
1224,153,0,30235,Training,no,,Aerial Style Training,0,0,0,
1225,153,1,30236,Training,no,,Adept Style Training,0,0,0,
1226,153,2,30237,Training,no,,Guild Style Training,0,0,0,
1227,153,3,30238,Training,no,,Striker Style Training,0,0,0,
1228,153,4,30239,Training,no,,Aerial Style Training,0,0,0,
1229,153,5,30240,Training,no,,Adept Style Training,0,0,0,
1230,153,6,30241,Training,no,,Guild Style Training,0,0,0,
1231,153,7,30242,Training,no,,Striker Style Training,0,0,0,
1232,154,0,30243,Training,no,,Aerial Style Training,0,0,0,
1233,154,1,30244,Training,no,,Adept Style Training,0,0,0,
1234,154,2,30245,Training,no,,Guild Style Training,0,0,0,
1235,154,3,30246,Training,no,,Striker Style Training,0,0,0,
1236,154,4,30247,Training,no,,Aerial Style Training,0,0,0,
1237,154,5,30248,Training,no,,Adept Style Training,0,0,0,
1238,154,6,30249,Training,no,,Guild Style Training,0,0,0,
1239,154,7,30250,Training,no,,Striker Style Training,0,0,0,
1240,155,0,30251,Training,no,,Aerial Style Training,0,0,0,
1241,155,1,30252,Training,no,,Adept Style Training,0,0,0,
1242,155,2,30253,Training,no,,Guild Style Training,0,0,0,
1243,155,3,30254,Training,no,,Striker Style Training,0,0,0,
1244,155,4,30255,Training,no,,Aerial Style Training,0,0,0,
1245,155,5,30256,Training,no,,Adept Style Training,0,0,0,
1246,155,6,30257,Training,no,,Valor Style Training,0,0,1,
1247,155,7,30258,Training,no,,Alchemy Style Training,0,0,1,
1248,156,0,30259,Training,no,,SP Hunter Arts Training,0,0,1,
1249,156,1,30260,Training,no,,Valor Style Training,0,0,1,
1250,156,2,30261,Training,no,,Alchemy Style Training,0,0,1,
1251,156,3,30262,Training,no,,SP Hunter Arts Training,0,0,1,
1252,156,4,30263,Training,no,,Valor Style Training,0,0,1,
1253,156,5,30264,Training,no,,Alchemy Style Training,0,0,1,
1254,156,6,30265,Training,no,,SP Hunter Arts Training,0,0,1,
1255,156,7,30266,Training,no,,Valor Style Training,0,0,1,
1256,157,0,30267,Training,no,,Alchemy Style Training,0,0,1,
1257,157,1,30268,Training,no,,SP Hunter Arts Training,0,0,1,
1258,157,2,30269,Training,no,,Valor Style Training,0,0,1,
1259,157,3,30270,Training,no,,Alchemy Style Training,0,0,1,
1260,157,4,30271,Training,no,,SP Hunter Arts Training,0,0,1,
1261,157,5,30272,Training,no,,Valor Style Training,0,0,1,
1262,157,6,30273,Training,no,,Alchemy Style Training,0,0,1,
1263,157,7,30274,Training,no,,SP Hunter Arts Training,0,0,1,
1264,158,0,30275,Training,no,,Valor Style Training,0,0,1,
1265,158,1,30276,Training,no,,Alchemy Style Training,0,0,1,
1266,158,2,30277,Training,no,,SP Hunter Arts Training,0,0,1,
1267,158,3,30278,Training,no,,Valor Style Training,0,0,1,
1268,158,4,30279,Training,no,,Alchemy Style Training,0,0,1,
1269,158,5,30280,Training,no,,SP Hunter Arts Training,0,0,1,
1270,158,6,30281,Training,no,,Valor Style Training,0,0,1,
1271,158,7,30282,Training,no,,Alchemy Style Training,0,0,1,
1272,159,0,30283,Training,no,,SP Hunter Arts Training,0,0,1,
1273,159,1,30284,Training,no,,Valor Style Training,0,0,1,
1274,159,2,30285,Training,no,,Alchemy Style Training,0,0,1,
1275,159,3,30286,Training,no,,SP Hunter Arts Training,0,0,1,
1276,159,4,30287,Training,no,,Valor Style Training,0,0,1,
1277,159,5,30288,Training,no,,Alchemy Style Training,0,0,1,
1278,159,6,30289,Training,no,,SP Hunter Arts Training,0,0,1,
1279,159,7,30290,Training,no,,Valor Style Training,0,0,1,
1280,160,0,30291,Training,no,,Alchemy Style Training,0,0,1,
1281,160,1,30292,Training,no,,SP Hunter Arts Training,0,0,1,
1282,160,2,30293,Training,no,,Valor Style Training,0,0,1,
1283,160,3,30294,Training,no,,Alchemy Style Training,0,0,1,
1284,160,4,30295,Training,no,,SP Hunter Arts Training,0,0,1,
1285,160,5,30296,Training,no,,Valor Style Training,0,0,1,
1286,160,6,30297,Training,no,,Alchemy Style Training,0,0,1,
1287,160,7,30298,Training,no,,SP Hunter Arts Training,0,0,1,
1288,161,0,20001,Arena,no,,Grudge Match: Malfestio,0,0,0,
1289,161,1,20002,Arena,no,,Grudge Match: Khezu,0,0,0,
1290,161,2,20003,Arena,no,,Grudge Match: Najarala,0,0,0,
1291,161,3,20004,Arena,no,,Grudge Match: Rathalos,0,0,0,
1292,161,4,20005,Arena,no,,Grudge Match: Kecha Wacha,0,0,0,
1293,161,5,20006,Arena,no,,Grudge Match: Plesioth,0,0,0,
1294,161,6,20007,Arena,no,,Grudge Match: Brachydios,0,0,0,
1295,161,7,20008,Arena,no,,Grudge Match: Barioth,0,0,1,
1296,162,0,20009,Arena,no,,Grudge Match: Yian Garuga,0,0,1,
1297,162,1,20010,Arena,no,,Grudge Match: Uragaan,0,0,1,
1298,162,2,20011,Arena,no,,Grudge Match: Seregios,0,0,1,
1299,162,3,120001,Arena,yes,,Grudge Match: Great Maccao,0,0,0,
1300,162,4,120002,Arena,yes,,Grudge Match: Gypceros,0,0,0,
1301,162,5,120003,Arena,yes,,Grudge Match: Bird Wyverns,0,0,0,
1302,162,6,120004,Arena,yes,,Grudge Match: Barroth,0,0,1,
1303,162,7,120005,Arena,yes,,Grudge Match: Tetsucabra,0,0,1,
1304,163,0,120006,Arena,yes,,Grudge Match: Congalala,0,0,1,
1305,163,1,1010005,Event Hub,no,3,DUMMY,127,0,1,placeholder entry
1306,163,2,1010006,Event Hub,no,1,Hunter Low-rank 2,127,0,1,
1307,163,3,1010007,Event Hub,no,1,Hunter Low-rank 3,127,0,1,
1308,163,4,1010001,Event Hub,no,3,DUMMY,127,0,0,placeholder entry
1309,163,5,1010002,Event Hub,no,3,DUMMY,127,0,0,placeholder entry
1310,163,6,1010003,Event Hub,no,3,DUMMY,127,0,0,placeholder entry
1311,163,7,1010004,Event Hub,no,3,A Season for Lava,127,0,0,
1312,164,0,1110007,Event Hub,yes,2,Nakayoshi: Silver Crystal,127,0,1,
1313,164,1,1110008,Event Hub,yes,2,Prowler Low-rank 2,127,0,1,
1314,164,2,1110009,Event Hub,yes,2,Prowler Low-rank 3,127,0,1,
1315,164,3,1110001,Event Hub,yes,2,CoroCoro: Lost in the Swamp,127,0,0,
1316,164,4,1110002,Event Hub,yes,3,The King of Lynians!,127,0,0,
1317,164,5,1110003,Event Hub,yes,3,Jump: Crimson Strongmen,127,0,0,
1318,164,6,1110004,Event Hub,yes,2,Initiate: Operation Moofah,127,0,0,
1319,164,7,1110005,Event Hub,yes,2,The Uniqlo Avant-garde,127,0,0,
1320,165,0,1010168,Event Hub,no,5,Jump: The Desert Crown,127,0,1,
1321,165,1,1010173,Event Hub,no,7,DUMMY,127,0,1,placeholder entry
1322,165,2,1010169,Event Hub,no,6,DUMMY,127,0,1,placeholder entry
1323,165,3,1010171,Event Hub,no,5,The Legend of Zelda: Power,127,0,1,
1324,165,4,1010172,Event Hub,no,7,Fire Emblem: Warding Despair,127,0,1,
1325,165,5,1010170,Event Hub,no,7,Strider: Frozen Mission,127,0,1,
1326,165,6,1010174,Event Hub,no,6,Okami: Most Wanted,127,0,1,
1327,165,7,1010175,Event Hub,no,7,Ghosts 'n Goblins: Seeing Red,127,0,1,
1328,166,0,1010176,Event Hub,no,1,Hunter High-rank 9,127,0,1,
1329,166,1,1010177,Event Hub,no,1,Hunter High-rank 10,127,0,1,
1330,166,2,1010101,Event Hub,no,7,Crows: The Black Crows,127,0,0,
1331,166,3,1010102,Event Hub,no,5,Yowamushi Pedal: Princess,127,0,0,
1332,166,4,1010103,Event Hub,no,7,Baki: Biggest vs. Strongest,127,0,0,
1333,166,5,1010104,Event Hub,no,6,CoroCoro: Rolling Bowlers,127,0,0,
1334,166,6,1010105,Event Hub,no,7,Ushio & Tora: White Mizutsune,127,0,0,
1335,166,7,1010106,Event Hub,no,7,Magi: Rescue from the Fall,127,0,0,
1336,167,0,1010107,Event Hub,no,7,The Exploding Flame King,127,0,0,
1337,167,1,1010108,Event Hub,no,7,Yu-Gi-Oh: A Beautiful Wyvern,127,0,0,
1338,167,2,1010109,Event Hub,no,7,Jump: Boiling Magma,127,0,0,
1339,167,3,1010110,Event Hub,no,7,Famitsu: Mizutsune Feature,127,0,0,
1340,167,4,1010111,Event Hub,no,7,Dengeki: Turbulent Seas,127,0,0,
1341,167,5,1010112,Event Hub,no,7,Uniqlo Shock Fest,127,0,0,
1342,167,6,1010113,Event Hub,no,7,DUMMY,127,0,0,placeholder entry
1343,167,7,1010114,Event Hub,no,7,DUMMY,127,0,0,placeholder entry
1344,168,0,1010115,Event Hub,no,7,DUMMY,127,0,0,placeholder entry
1345,168,1,1010116,Event Hub,no,6,DUMMY,127,0,0,placeholder entry
1346,168,2,1010117,Event Hub,no,7,DUMMY,127,0,0,placeholder entry
1347,168,3,1010118,Event Hub,no,7,Star Fox: Battle at Arctic Ridge,127,0,0,
1348,168,4,1010119,Event Hub,no,7,The Three Virtues,127,0,0,
1349,168,5,1010120,Event Hub,no,7,Metroid: Special Mission,127,0,0,
1350,168,6,1010121,Event Hub,no,7,The Steel Vanguard,127,0,0,
1351,168,7,1010122,Event Hub,no,7,The Voracious King,127,0,0,
1352,169,0,1010123,Event Hub,no,7,DMC: The Seltas Queen's Cry,127,0,0,
1353,169,1,1010124,Event Hub,no,7,Mega Man: Yellow Devil,127,0,0,
1354,169,2,1010125,Event Hub,no,7,Capcom: Brilliant Orchestra,127,0,0,
1355,169,3,1010127,Event Hub,no,7,Felyne Village: The Tourney,127,0,0,
1356,169,4,1010128,Event Hub,no,7,Fan Club: Great All Stars,127,0,0,
1357,169,5,1010129,Event Hub,no,7,Fan Club: Remobra Removal,127,0,0,
1358,169,6,1010130,Event Hub,no,7,Capcom: White & Black,127,0,0,
1359,169,7,1010131,Event Hub,no,7,Capcom: The Ruler's Rage,127,0,0,
1360,170,0,1010133,Event Hub,no,7,Moonlit Tryst,127,0,0,
1361,170,1,1010134,Event Hub,no,7,Raging Twins,127,0,0,
1362,170,2,1010135,Event Hub,no,7,All's Hair in Glove & War,127,0,0,
1363,170,3,1010137,Event Hub,no,7,A Golden Moon Rises,127,0,0,
1364,170,4,1010138,Event Hub,no,7,Silver and Gold,127,0,0,
1365,170,5,1010140,Event Hub,no,7,Secret Nibelsnarf Hunt,127,0,0,
1366,170,6,1010141,Event Hub,no,7,The Obvious Choice...,127,0,0,
1367,170,7,1010142,Event Hub,no,7,It Would Be a Shame If...,127,0,0,
1368,171,0,1010143,Event Hub,no,7,Not Stepping One Foot...,127,0,0,
1369,171,1,1010144,Event Hub,no,7,Picturesque Encounter,127,0,0,
1370,171,2,1010145,Event Hub,no,7,Absolute Power,127,0,0,
1371,171,3,1010146,Event Hub,no,7,A Land Draped in Fantasy,127,0,0,
1372,171,4,1010147,Event Hub,no,7,The Formless One,127,0,0,
1373,171,5,1010148,Event Hub,no,7,The White God Returns,127,0,0,
1374,171,6,1010149,Event Hub,no,7,Evil Descendeth Upon Us,127,0,0,
1375,171,7,1010150,Event Hub,no,7,Where Gods Fear to Tread,127,0,0,
1376,172,0,1010151,Event Hub,no,7,Harbinger of Death,127,0,0,
1377,172,1,1010152,Event Hub,no,7,No Party Poopers!,127,0,0,
1378,172,2,1010153,Event Hub,no,7,The Five Kings of Destruction,127,0,0,
1379,172,3,1010154,Event Hub,no,7,How It's Done,127,0,0,
1380,172,4,1010155,Event Hub,no,7,Unbridled Rage,127,0,0,
1381,172,5,1010156,Event Hub,no,7,Insanity and Destruction,127,0,0,
1382,172,6,1010157,Event Hub,no,7,Volcano Item Delivery,127,0,0,
1383,172,7,1010158,Event Hub,no,6,Anything For a Buck,127,0,0,
1384,173,0,1010159,Event Hub,no,7,A Mammoth Mistake,127,0,0,
1385,173,1,1010161,Event Hub,no,7,The Untamed Mountains,127,0,0,
1386,173,2,1010163,Event Hub,no,7,The Best of the Best,127,0,0,
1387,173,3,1010164,Event Hub,no,7,The Greatest Hunter,127,0,0,
1388,173,4,1010165,Event Hub,no,7,Retreat Run-in,127,0,0,
1389,173,5,1010166,Event Hub,no,7,Overcome with Awe,127,0,0,
1390,173,6,1010167,Event Hub,no,7,The Hammer and the Pike,127,0,0,
1391,173,7,1110112,Event Hub,yes,5,Case Closed: Monster Files,127,0,1,
1392,174,0,1110113,Event Hub,yes,4,DUMMY,127,0,1,placeholder entry
1393,174,1,1110114,Event Hub,yes,4,Prowler High-rank 3,127,0,1,
1394,174,2,1110115,Event Hub,yes,4,Prowler High-rank 4,127,0,1,
1395,174,3,1110101,Event Hub,yes,4,CoroCoro: Big Bad Bugs,127,0,0,
1396,174,4,1110102,Event Hub,yes,4,A Hero's Return,127,0,0,
1397,174,5,1110103,Event Hub,yes,4,Mario: The White Donkey Kong?,127,0,0,
1398,174,6,1110104,Event Hub,yes,5,Animal Crossing: Picnic Day,127,0,0,
1399,174,7,1110105,Event Hub,yes,7,SF: Ultimate Entrance Exam,127,0,0,
1400,175,0,1110106,Event Hub,yes,7,Fan Club: Arena Action,127,0,0,
1401,175,1,1110111,Event Hub,yes,6,Too Hot to Handle,127,0,0,
1402,175,2,1110108,Event Hub,yes,6,Making the Cut,127,0,0,
1403,175,3,1110109,Event Hub,yes,7,Catch a Rathalos by the Tail,127,0,0,
1404,175,4,1011006,Event Hub,no,G2,Famitsu: Kecha the Scoop!,127,0,1,
1405,175,5,1011007,Event Hub,no,G3,Dengeki: Top of Old Sparky,127,0,1,
1406,175,6,1011002,Event Hub,no,G2,Kingdom: Test of the Best!,127,0,1,
1407,175,7,1011003,Event Hub,no,G3,DUMMY,127,0,1,placeholder entry
1408,176,0,1011001,Event Hub,no,G4,Case Closed: Desert Arrest!,127,0,1,
1409,176,1,1011004,Event Hub,no,G3,Shonen: Winged Nocturne,127,0,1,
1410,176,2,1011005,Event Hub,no,G4,Drifters: Isle of Lost Souls,127,0,1,
1411,176,3,1011008,Event Hub,no,G4,The Legend of Zelda: Courage,127,0,1,
1412,176,4,1011009,Event Hub,no,G4,DUMMY,127,0,1,placeholder entry
1413,176,5,1011010,Event Hub,no,G4,Into the Maw of Darkness,127,0,1,
1414,176,6,1011011,Event Hub,no,G4,Fan Club: Climbing The Ranks,127,0,1,
1415,176,7,1011012,Event Hub,no,G4,URGENT: COAL MINERS NEEDED,127,0,1,
1416,177,0,1011013,Event Hub,no,G2,Frozen Free-For-All,127,0,1,
1417,177,1,1011015,Event Hub,no,G3,Nerscylla Nightmare,127,0,1,
1418,177,2,1011016,Event Hub,no,G2,It'll Come Out in the Wash,127,0,1,
1419,177,3,1011017,Event Hub,no,G3,"""My Love is Like a Chill Wind...?""",127,0,1,
1420,177,4,1011018,Event Hub,no,G3,A Solid Argument,127,0,1,
1421,177,5,1011019,Event Hub,no,G4,Glimmers of False Hope,127,0,1,
1422,177,6,1011024,Event Hub,no,G4,Forewarned is Four-Horned,127,0,1,
1423,177,7,1011020,Event Hub,no,G4,Violence in the Verdure,127,0,1,
1424,178,0,1011021,Event Hub,no,G4,Paws Off My Fish!,127,0,1,
1425,178,1,1011022,Event Hub,no,G4,"Big, Bad 'n' Woolly",127,0,1,
1426,178,2,1011023,Event Hub,no,G4,Blade Blazing Brightly Black,127,0,1,
1427,178,3,1011025,Event Hub,no,G4,Meat is Murder,127,0,1,
1428,178,4,1011026,Event Hub,no,G4,The Cry of Chaos,127,0,1,
1429,178,5,1011027,Event Hub,no,G4,Brutal Brachydios,127,0,1,
1430,178,6,1011028,Event Hub,no,G4,Bequest Quest,127,0,1,
1431,178,7,1011029,Event Hub,no,G4,"Forget Valstrax, Big Sis is Scarier!",127,0,1,
1432,179,0,1011030,Event Hub,no,G4,"The Gloom of 1,001 Nights",127,0,1,
1433,179,1,1011031,Event Hub,no,G4,A Terrible Light,127,0,1,
1434,179,2,1011032,Event Hub,no,G4,Legitimate Soaratorium Quest,127,0,1,
1435,179,3,1011033,Event Hub,no,G4,Lord of the Volcanic Hollow,127,0,1,
1436,179,4,1011034,Event Hub,no,G4,Welcome Back To Hell,127,0,1,
1437,179,5,1011035,Event Hub,no,G4,Monster on a Crusade,127,0,1,
1438,179,6,1011036,Event Hub,no,G4,Ukanlos-Made Global Cooling,127,0,1,
1439,179,7,1011037,Event Hub,no,G4,Lao-Shan Lung Time No See,127,0,1,
1440,180,0,1011039,Event Hub,no,G4,Alatreon and Alack,127,0,1,
1441,180,1,1011040,Event Hub,no,G4,End of a Dark History,127,0,1,
1442,180,2,1011041,Event Hub,no,G4,To Slay a Legend,127,0,1,
1443,180,3,1011042,Event Hub,no,G4,Defy the Prophecy,127,0,1,
1444,180,4,1011043,Event Hub,no,G4,Monster Hunter Channel I,127,0,1,
1445,180,5,1011044,Event Hub,no,G4,Monster Hunter Channel II,127,0,1,
1446,180,6,1011045,Event Hub,no,1,@,127,0,1,
1447,180,7,1011046,Event Hub,no,1,@,127,0,1,
1448,181,0,1011047,Event Hub,no,1,@,127,0,1,
1449,181,1,1011048,Event Hub,no,1,@,127,0,1,
1450,181,2,1011049,Event Hub,no,1,@,127,0,1,
1451,181,3,1111003,Event Hub,yes,G2,CoroCoro: Fart of Darkness,127,0,1,
1452,181,4,1111001,Event Hub,yes,G3,Baki: Deadly Claws,127,0,1,
1453,181,5,1111002,Event Hub,yes,G1,WORST: Skull Motif,127,0,1,
1454,181,6,1111007,Event Hub,yes,G4,DUMMY,127,0,1,placeholder entry
1455,181,7,1111006,Event Hub,yes,G2,The Legend of Zelda: Wisdom,127,0,1,
1456,182,0,1111004,Event Hub,yes,G1,Turnabout Takedown,127,0,1,
1457,182,1,1111005,Event Hub,yes,G3,Capcom: Prowler's Spirit,127,0,1,
1458,182,2,1111008,Event Hub,yes,G1,@,127,0,1,
1459,182,3,1111009,Event Hub,yes,G1,@,127,0,1,
1460,182,4,1111010,Event Hub,yes,G1,@,127,0,1,
1461,182,5,1111011,Event Hub,yes,G1,@,127,0,1,
1462,182,6,1111012,Event Hub,yes,G1,@,127,0,1,
1463,182,7,1111013,Event Hub,yes,G1,@,127,0,1,
1464,183,0,1111014,Event Hub,yes,G1,Prowler G-rank Quest 7,127,0,1,
1465,183,1,1111015,Event Hub,yes,G1,Prowler G-rank Quest 8,127,0,1,
1466,183,2,1020015,Event Arena,no,,XX Trials: Dreadqueen,128,0,1,
1467,183,3,1020016,Event Arena,no,,XX Trials: Thunderlord,128,0,1,
1468,183,4,1020017,Event Arena,no,,XX Trials: Silverwind,128,0,1,
1469,183,5,1020018,Event Arena,no,,XX Trials: Dreadking,128,0,1,
1470,183,6,1020019,Event Arena,no,,XX Trials: Grimclaw,128,0,1,
1471,183,7,1020020,Event Arena,no,,XX Trials: Gravios,128,0,1,
1472,184,0,1020021,Event Arena,no,,XX Trials: Elderfrost,128,0,1,
1473,184,1,1020022,Event Arena,no,,XX Trials: Hunt-a-thon I,128,0,1,
1474,184,2,1020023,Event Arena,no,,XX Trials: Hunt-a-thon II,128,0,1,
1475,184,3,1020024,Event Arena,no,,XX Trials: Stonefist,128,0,1,
1476,184,4,1020025,Event Arena,no,,XX Trials: Drilltusk,128,0,1,
1477,184,5,1020026,Event Arena,no,,XX Trials: Redhelm,128,0,1,
1478,184,6,1020027,Event Arena,no,,XX Trials: Deadeye,128,0,1,
1479,184,7,1020028,Event Arena,no,,XX Trials: Snowbaron,128,0,1,
1480,185,0,1020029,Event Arena,no,,XX Trials: Hunt-a-thon III,128,0,1,
1481,185,1,1020030,Event Arena,no,,@,128,0,1,
1482,185,2,1020001,Event Arena,no,,Event: Slay a Mizutsune,128,0,0,
1483,185,3,1020002,Event Arena,no,,Event: Slay a Glavenus,128,0,0,
1484,185,4,1020003,Event Arena,no,,Event: Slay a Gammoth,128,0,0,
1485,185,5,1020004,Event Arena,no,,Event: Slay an Astalos,128,0,0,
1486,185,6,1020005,Event Arena,no,,Event: Slay a Lagiacrus,128,0,0,
1487,185,7,1020006,Event Arena,no,,Event: Hunt-a-thon 1,128,0,0,
1488,186,0,1020007,Event Arena,no,,Event: Hunt-a-thon 2,128,0,0,
1489,186,1,1020008,Event Arena,no,,Event: Hunt-a-thon 3,128,0,0,
1490,186,2,1020009,Event Arena,no,,Event: Slay a Zinogre,128,0,0,
1491,186,3,1020010,Event Arena,no,,Event: Slay a Gore Magala,128,0,0,
1492,186,4,1020011,Event Arena,no,,Event: Slay a Tigrex,128,0,0,
1493,186,5,1020012,Event Arena,no,,Event: Slay a Rathalos,128,0,0,
1494,186,6,1020013,Event Arena,no,,Event: Slay a Nargacuga,128,0,0,
1495,186,7,1020014,Event Arena,no,,Event: Hunt-a-thon 4,128,0,0,
1496,187,0,1120007,Event Arena,yes,,XX Trials: Rathalos,128,0,1,
1497,187,1,1120008,Event Arena,yes,,XX Trials: Tigrex,128,0,1,
1498,187,2,1120009,Event Arena,yes,,XX Trials: Nargacuga,128,0,1,
1499,187,3,1120010,Event Arena,yes,,XX Trials: Zinogre,128,0,1,
1500,187,4,1120011,Event Arena,yes,,XX Trials: Brachydios,128,0,1,
1501,187,5,1120012,Event Arena,yes,,XX Trials: Hunt-a-thon IV,128,0,1,
1502,187,6,1120013,Event Arena,yes,,Quest Template,128,0,1,
1503,187,7,1120001,Event Arena,yes,,Event: Slay a Volvidon,128,0,0,
1504,188,0,1120002,Event Arena,yes,,Event: Slay a Royal Ludroth,128,0,0,
1505,188,1,1120003,Event Arena,yes,,Event: Slay a Lagombi,128,0,0,
1506,188,2,1120004,Event Arena,yes,,Event: Slay a Yian Kut-Ku,128,0,0,
1507,188,3,1120005,Event Arena,yes,,Event: Slay an Arzuros,128,0,0,
1508,188,4,1120006,Event Arena,yes,,Event: Hunt-a-thon 5,128,0,0,
